Obs_ID,Study_ID,Site_Name,Reference,Year,Journal,Country,Region,Climate_zone,Forest_type,Terrain_type,GEDI_used,GEDI_product,Spatial_resolution_m,Resolution_class,Sensor_combination,Data_fusion,Model_category,Model_algorithm,Best_model,Training_samples,Study_scale,AGB_unit,RMSE
M1,S1,Betul,Indirabai & Nilsson 2024,2024,Ecological Informatics,India,South-Asia,Tropical,Deciduous forest,Hilly,Yes,GEDI Multi-level,100,Medium,LiDAR+Optical,Yes,Statistical,Linear Regression,Yes,112,Local,Mg/ha,13.9
M2,S1,Mudumalai,Indirabai & Nilsson 2024,2024,Ecological Informatics,India,South-Asia,Tropical,Deciduous forest,Hilly,Yes,GEDI Multi-level,100,Medium,LiDAR+Optical,Yes,Statistical,Linear Regression,No,52,Local,Mg/ha,29.1
M3,S2,GB-AJK-Mountain,Nazir et al. 2025,2025,Forest Ecology and Management,Pakistan,South-Asia,Temperate,Mixed forest,Mountainous,Yes,GEDI L4A,25,Very-high,LiDAR-only,No,Statistical,Linear Regression,No,540,Regional,Mg/ha,95.0
M4,S2,GB-AJK-Mountain,Nazir et al. 2025,2025,Forest Ecology and Management,Pakistan,South-Asia,Temperate,Mixed forest,Mountainous,Yes,GEDI L2A,25,Very-high,LiDAR-only,No,Statistical,Linear Regression,Yes,540,Regional,Mg/ha,39.6
M5,S2,Mangrove-Pakistan,Nazir et al. 2025,2025,Forest Ecology and Management,Pakistan,South-Asia,Tropical,Mangrove,Coastal,Yes,GEDI L4A,25,Very-high,LiDAR-only,No,Statistical,Linear Regression,No,54,Regional,Mg/ha,8.4
M6,S2,Mangrove-Pakistan,Nazir et al. 2025,2025,Forest Ecology and Management,Pakistan,South-Asia,Tropical,Mangrove,Coastal,Yes,GEDI L2A,25,Very-high,LiDAR-only,No,Statistical,Linear Regression,Yes,54,Regional,Mg/ha,4.1
M12,S4,Lope-Gabon,Liu et al. 2024,2024,International Journal of Remote Sensing,Gabon,Central-Africa,Tropical,Tropical moist forest,Mountainous,Yes,GEDI Multi-level,50,Medium,SAR+LiDAR,Yes,Machine-learning,Random Forest,Yes,745,Local,Mg/ha,115.3
M13,S4,Mondah-Gabon,Liu et al. 2024,2024,International Journal of Remote Sensing,Gabon,Central-Africa,Tropical,Tropical moist forest,Flat / Lowland,Yes,GEDI Multi-level,50,Medium,SAR+LiDAR,Yes,Machine-learning,Random Forest,Yes,314,Local,Mg/ha,117.8
M14,S5,Xinping-County,Yang et al. 2025a,2025,IEEE Journal of Selected Topics in Applied Earth Observations and Remote Sensing,China,East-Asia,Temperate,Mixed forest,Mountainous,Yes,GEDI L2B,25,Fine,LiDAR-only,No,Machine-learning,Random Forest,No,34,Regional,Mg/ha,8.21
M15,S5,Xinping-County,Yang et al. 2025a,2025,IEEE Journal of Selected Topics in Applied Earth Observations and Remote Sensing,China,East-Asia,Temperate,Mixed forest,Mountainous,Yes,GEDI L2B,25,Fine,LiDAR-only,No,Machine-learning,SVM,No,34,Regional,Mg/ha,15.07
M16,S5,Xinping-County,Yang et al. 2025a,2025,IEEE Journal of Selected Topics in Applied Earth Observations and Remote Sensing,China,East-Asia,Temperate,Mixed forest,Mountainous,Yes,GEDI L2B,25,Fine,LiDAR-only,No,Machine-learning,Stacking Ensemble,Yes,34,Regional,Mg/ha,7.04
M19,S7,India-forest-region,Mohite et al. 2024,2024,International Journal of Remote Sensing,India,South-Asia,Tropical,Mixed forest,Complex terrain,Yes,GEDI L4A,100,Medium,Optical+SAR+LiDAR,Yes,Machine-learning,Random Forest,Yes,,National,Mg/ha,47.2
M28,S9,Haldwani,Khati et al. 2021,2021,Frontiers in Earth Science,India,South-Asia,Subtropical,Plantation,Flat / Lowland,No,Missing,25,Medium,SAR-only,No,Statistical,Water Cloud Model (WCM),No,46,Local,Mg/ha,65.0
M29,S9,Haldwani,Khati et al. 2021,2021,Frontiers in Earth Science,India,South-Asia,Subtropical,Plantation,Flat / Lowland,No,Missing,25,Medium,SAR-only,No,Statistical,Water Cloud Model (WCM),Yes,46,Local,Mg/ha,55.0
M30,S9,Haldwani,Khati et al. 2021,2021,Frontiers in Earth Science,India,South-Asia,Subtropical,Plantation,Flat / Lowland,Yes,GEDI L2A,25,Medium,SAR+LiDAR,Yes,Statistical,Water Cloud Model (WCM),No,227,Local,Mg/ha,66.0
M31,S10,Lope-Gabon,Choi et al. 2023,2023,IEEE Journal of Selected Topics in Applied Earth Observations and Remote Sensing,Gabon,Central-Africa,Tropical,Mixed forest,Hilly,Yes,GEDI Multi-level,100,Low,LiDAR-only,No,Statistical,Allometric Model,No,,Local,Mg/ha,56.0
M32,S10,Lope-Gabon,Choi et al. 2023,2023,IEEE Journal of Selected Topics in Applied Earth Observations and Remote Sensing,Gabon,Central-Africa,Tropical,Mixed forest,Hilly,Yes,GEDI Multi-level,100,Low,LiDAR-only,No,Statistical,Allometric Model,No,,Local,Mg/ha,49.0
M33,S10,Lope-Gabon,Choi et al. 2023,2023,IEEE Journal of Selected Topics in Applied Earth Observations and Remote Sensing,Gabon,Central-Africa,Tropical,Mixed forest,Hilly,Yes,GEDI Multi-level,100,Low,SAR+LiDAR,Yes,Statistical,Allometric Model,No,,Local,Mg/ha,107.0
M34,S10,Lope-Gabon,Choi et al. 2023,2023,IEEE Journal of Selected Topics in Applied Earth Observations and Remote Sensing,Gabon,Central-Africa,Tropical,Mixed forest,Hilly,Yes,GEDI Multi-level,100,Low,SAR+LiDAR,Yes,Statistical,Allometric Model,Yes,,Local,Mg/ha,100.0
M47,S12,Haldwani-TCFD,Musthafa & Singh 2022,2022,Advances in Space Research,India,South-Asia,Subtropical,Plantation,Hilly,Yes,GEDI L2A,25,Fine,LiDAR-only,No,Statistical,Multiple Linear Regression,No,34,Local,Mg/ha,45.46
M48,S12,Haldwani-TCFD,Musthafa & Singh 2022,2022,Advances in Space Research,India,South-Asia,Subtropical,Plantation,Hilly,Yes,GEDI L2A,25,Fine,LiDAR-only,No,Statistical,Multiple Linear Regression,No,34,Local,Mg/ha,46.46
M49,S12,Haldwani-TCFD,Musthafa & Singh 2022,2022,Advances in Space Research,India,South-Asia,Subtropical,Plantation,Hilly,Yes,GEDI L2A,25,Fine,LiDAR-only,No,Statistical,Multiple Linear Regression,No,34,Local,Mg/ha,44.04
M50,S12,Haldwani-TCFD,Musthafa & Singh 2022,2022,Advances in Space Research,India,South-Asia,Subtropical,Plantation,Hilly,Yes,GEDI L2A,25,Fine,LiDAR-only,No,Statistical,Multiple Linear Regression,Yes,34,Local,Mg/ha,32.06
M51,S13,Heihe-River-Basin,Tian et al. 2012,2012,International Journal of Applied Earth Observation and Geoinformation,China,East-Asia,Arid,Shrubland,Mountainous,No,Missing,20,Fine,Optical-only,No,Machine-learning,kNN,No,75,Local,Mg/ha,20.7
M52,S13,Heihe-River-Basin,Tian et al. 2012,2012,International Journal of Applied Earth Observation and Geoinformation,China,East-Asia,Arid,Shrubland,Mountainous,No,Missing,20,Fine,Optical+SAR,No,Statistical,Linear Regression,No,38,Local,Mg/ha,37.4
M53,S13,Heihe-River-Basin,Tian et al. 2012,2012,International Journal of Applied Earth Observation and Geoinformation,China,East-Asia,Arid,Shrubland,Mountainous,No,Missing,20,Fine,LiDAR-only,No,Statistical,Linear Regression,Yes,50,Local,Mg/ha,15.24
M54,S14,Wangyedian-forest-farm,Jiang et al. 2022,2022,Remote Sensing,China,East-Asia,Temperate,Coniferous forest,Mountainous,No,Missing,30,Medium,Optical-only,No,Statistical,Multiple Linear Regression,No,62,Local,Mg/ha,44.81
M55,S14,Wangyedian-forest-farm,Jiang et al. 2022,2022,Remote Sensing,China,East-Asia,Temperate,Coniferous forest,Mountainous,No,Missing,30,Medium,Optical-only,No,Machine-learning,SVM,No,62,Local,Mg/ha,40.36
M56,S14,Wangyedian-forest-farm,Jiang et al. 2022,2022,Remote Sensing,China,East-Asia,Temperate,Coniferous forest,Mountainous,No,Missing,30,Medium,Optical-only,No,Deep-learning,Backpropagation Neural Network,No,62,Local,Mg/ha,42.39
M57,S14,Wangyedian-forest-farm,Jiang et al. 2022,2022,Remote Sensing,China,East-Asia,Temperate,Coniferous forest,Mountainous,No,Missing,30,Medium,Optical-only,No,Machine-learning,Random Forest,Yes,62,Local,Mg/ha,37.75
M58,S14,Wangyedian-forest-farm,Jiang et al. 2022,2022,Remote Sensing,China,East-Asia,Temperate,Coniferous forest,Mountainous,No,Missing,30,Medium,Optical-only,No,Statistical,Regression Kriging,Yes,62,Local,Mg/ha,17.91
M111,S27,Chobe-National-Park,David et al. 2022,2022,Remote Sensing of Environment,Botswana,South-Africa,Arid,Shrubland,Flat / Lowland,No,Missing,10,Fine,Optical+SAR,Yes,Statistical,Multiple Linear Regression,No,71,Local,Mg/ha,0.45
M112,S27,Chobe-National-Park,David et al. 2022,2022,Remote Sensing of Environment,Botswana,South-Africa,Arid,Shrubland,Flat / Lowland,No,Missing,10,Fine,Optical+SAR,Yes,Machine-learning,Random Forest,Yes,71,Local,Mg/ha,0.25
M117,S29,Huangfengqiao-Forest-Farm,Li et al. 2021,2021,Remote Sensing,China,East-Asia,Subtropical,Plantation,Mountainous,No,Missing,10,Fine,Optical-only,Yes,Machine-learning,Stacking Ensemble,Yes,50,Local,Mg/ha,15.79
M126,S33,TGR-China,Khan et al. 2024,2024,Geocarto International,China,East-Asia,Subtropical,Evergreen_forest,Mountainous,Yes,GEDI L4B,1000,Coarse,Optical+SAR+LiDAR,Yes,Machine-learning,Random Forest,Yes,37456,Regional,Mg/ha,12.3
M127,S33,TGR-China,Khan et al. 2024,2024,Geocarto International,China,East-Asia,Subtropical,Evergreen_forest,Mountainous,Yes,GEDI L4B,1000,Coarse,Optical+SAR+LiDAR,Yes,Machine-learning,Random Forest,No,12291,Regional,Mg/ha,18.7
M128,S34,Gongju-Sejong,Nguyen et al. 2015,2015,Sensors,South Korea,East-Asia,Temperate,Mixed forest,Mountainous,No,Missing,30,Medium,Optical-only,No,Machine-learning,kNN,No,47,Local,Mg/ha,24.1
M129,S34,Gongju-Sejong,Nguyen et al. 2015,2015,Sensors,South Korea,East-Asia,Temperate,Mixed forest,Mountainous,No,Missing,30,Medium,Optical-only,No,Machine-learning,kNN,No,47,Local,Mg/ha,24.1
M130,S34,Gongju-Sejong,Nguyen et al. 2015,2015,Sensors,South Korea,East-Asia,Temperate,Mixed forest,Mountainous,No,Missing,30,Medium,Optical-only,No,Machine-learning,kNN,No,47,Local,Mg/ha,23.8
M131,S34,Gongju-Sejong,Nguyen et al. 2015,2015,Sensors,South Korea,East-Asia,Temperate,Mixed forest,Mountainous,No,Missing,30,Medium,Optical-only,No,Machine-learning,kNN,Yes,47,Local,Mg/ha,22.5
M132,S97,TCFD-Haldwani,Padalia et al. 2023,2023,Ecological Informatics,India,South-Asia,Tropical,Plantation,Flat / Lowland,Yes,GEDI Multi-level,25,Fine,LiDAR-only,No,Machine-learning,Random Forest,No,25,Local,Mg/ha,20.1
M133,S97,TCFD-Haldwani,Padalia et al. 2023,2023,Ecological Informatics,India,South-Asia,Tropical,Plantation,Flat / Lowland,Yes,GEDI Multi-level,10,Fine,SAR-only,No,Machine-learning,Random Forest,No,,Local,Mg/ha,18.27
M134,S97,TCFD-Haldwani,Padalia et al. 2023,2023,Ecological Informatics,India,South-Asia,Tropical,Plantation,Flat / Lowland,Yes,GEDI Multi-level,30,Medium,Optical+SAR+LiDAR,Yes,Machine-learning,Random Forest,Yes,,Local,Mg/ha,13.86
M141,S36,Guangxi-Forests,Fan et al. 2024,2024,Remote Sensing,China,East-Asia,Subtropical,Plantation,Complex terrain,No,Missing,30,Medium,Optical-only,No,Statistical,Stepwise regression,No,68,Local,Mg/ha,50.01
M142,S36,Guangxi-Forests,Fan et al. 2024,2024,Remote Sensing,China,East-Asia,Subtropical,Plantation,Complex terrain,No,Missing,30,Medium,Optical-only,No,Machine-learning,Boosting Trees,No,68,Local,Mg/ha,46.97
M143,S36,Guangxi-Forests,Fan et al. 2024,2024,Remote Sensing,China,East-Asia,Subtropical,Plantation,Complex terrain,No,Missing,30,Medium,Optical-only,No,Machine-learning,SVM,No,68,Local,Mg/ha,49.88
M144,S36,Guangxi-Forests,Fan et al. 2024,2024,Remote Sensing,China,East-Asia,Subtropical,Plantation,Complex terrain,No,Missing,30,Medium,Optical-only,No,Machine-learning,Bagging,No,68,Local,Mg/ha,45.4
M145,S36,Guangxi-Forests,Fan et al. 2024,2024,Remote Sensing,China,East-Asia,Subtropical,Plantation,Complex terrain,No,Missing,30,Medium,LiDAR+Optical,Yes,Statistical,Stepwise regression,No,68,Local,Mg/ha,31.85
M146,S36,Guangxi-Forests,Fan et al. 2024,2024,Remote Sensing,China,East-Asia,Subtropical,Plantation,Complex terrain,No,Missing,30,Medium,LiDAR+Optical,Yes,Machine-learning,Boosting Trees,No,68,Local,Mg/ha,33.69
M147,S36,Guangxi-Forests,Fan et al. 2024,2024,Remote Sensing,China,East-Asia,Subtropical,Plantation,Complex terrain,No,Missing,30,Medium,LiDAR+Optical,Yes,Machine-learning,SVM,No,68,Local,Mg/ha,39.21
M148,S36,Guangxi-Forests,Fan et al. 2024,2024,Remote Sensing,China,East-Asia,Subtropical,Plantation,Complex terrain,No,Missing,30,Medium,LiDAR+Optical,Yes,Machine-learning,Bagging,No,68,Local,Mg/ha,35.93
M149,S36,Guangxi-Forests,Fan et al. 2024,2024,Remote Sensing,China,East-Asia,Subtropical,Plantation,Complex terrain,No,Missing,1,Fine,LiDAR+Optical,Yes,Statistical,Stepwise regression,Yes,68,Local,Mg/ha,28.85
M150,S37,Sierra-National-Forest,Anaya et al. 2009,2009,Remote Sensing of Environment,USA,North-America,Temperate,Coniferous forest,Mountainous,No,Missing,30,Medium,LiDAR+Optical,Yes,Machine-learning,SVM,No,,Local,Mg/ha,230.4
M151,S37,Sierra-National-Forest,Anaya et al. 2009,2009,Remote Sensing of Environment,USA,North-America,Temperate,Coniferous forest,Mountainous,No,Missing,30,Medium,LiDAR+Optical,Yes,Statistical,Linear Regression,No,,Local,Mg/ha,209.4
M152,S37,Sierra-National-Forest,Anaya et al. 2009,2009,Remote Sensing of Environment,USA,North-America,Temperate,Coniferous forest,Mountainous,No,Missing,30,Medium,LiDAR+Optical,Yes,Statistical,Exponential Regression,No,,Local,Mg/ha,172.0
M153,S37,Sierra-National-Forest,Anaya et al. 2009,2009,Remote Sensing of Environment,USA,North-America,Temperate,Coniferous forest,Mountainous,No,Missing,30,Medium,LiDAR+Optical,Yes,Machine-learning,Artificial Neural Network (ANN),Yes,,Local,Mg/ha,153.4
M154,S38,Noor-forest-regions,Moghimi et al. 2024,2024,Kuwait Journal of Science,Iran,East-Asia,Subtropical,Mixed forest,Flat / Lowland,No,Missing,10,Fine,Optical+SAR,Yes,Machine-learning,Random Forest,Yes,260,Local,Mg/ha,12.49
M155,S38,Noor-forest-regions,Moghimi et al. 2024,2024,Kuwait Journal of Science,Iran,East-Asia,Subtropical,Mixed forest,Flat / Lowland,No,Missing,10,Fine,Optical+SAR,Yes,Statistical,Linear Regression,No,260,Local,Mg/ha,14.79
M156,S39,Dry-Chaco,Potzschner et al. 2022,2022,Remote Sensing of Environment,Multiple,South-America,Tropical,Dry forest,Flat / Lowland,Yes,GEDI Derived Product,231,Medium,Optical+SAR+LiDAR,Yes,Machine-learning,Gradient Boosting,Yes,205,Multi-country,Mg/ha,15.1
M157,S40,Tropical-Africa,Baccini et al. 2008,2008,Environmental Research Letters,Multiple,Central-Africa,Tropical,Mixed forest,Complex terrain,No,Missing,1000,Coarse,LiDAR+Optical,Yes,Machine-learning,Random Forest,Yes,1445,Multi-country,Mg/ha,50.5
M158,S41,Qinghai-Plantation,Tao et al. 2024,2024,International Journal of Applied Earth Observation and Geoinformation,China,East-Asia,Temperate,Plantation,Plateau,No,Missing,10,Fine,LiDAR+Optical,Yes,Machine-learning,Random Forest,Yes,100,Local,Mg/ha,34.807
M159,S41,Qinghai-Plantation,Tao et al. 2024,2024,International Journal of Applied Earth Observation and Geoinformation,China,East-Asia,Temperate,Plantation,Plateau,No,Missing,10,Fine,LiDAR+Optical,Yes,Machine-learning,XGBoost,No,100,Local,Mg/ha,40.07
M160,S42,Loveh-forest-Iran,Attarchi & Gloaguen 2014,2014,Remote Sensing,Iran,East-Asia,Temperate,Deciduous forest,Mountainous,No,Missing,30,Medium,Optical+SAR,Yes,Statistical,Multiple Linear Regression,Yes,69,Local,Mg/ha,25.04
M161,S42,Loveh-forest-Iran,Attarchi & Gloaguen 2014,2014,Remote Sensing,Iran,East-Asia,Temperate,Deciduous forest,Mountainous,No,Missing,30,Medium,Optical-only,No,Statistical,Multiple Linear Regression,No,69,Local,Mg/ha,31.5
M164,S44,Bhitarkanika-mangroves,Sanam et al. 2024,2024,Journal of the Indian Society of Remote Sensing,India,South-Asia,Tropical,Mangrove,Coastal,No,Missing,10,Fine,LiDAR+Optical,Yes,Statistical,Multiple Linear Regression,Yes,42,Local,Mg/ha,244.86
M165,S45,Shivamogga-forest,Musthafa and Singh 2022,2022,Frontiers in Forests and Global Change,India,South-Asia,Tropical,Mixed forest,Hilly,Yes,GEDI L2A,30,Fine,SAR+LiDAR,Yes,Machine-learning,Random Forest,Yes,103,Local,Mg/ha,19.35
M166,S45,Shivamogga-forest-SAR-only,Musthafa and Singh 2022,2022,Frontiers in Forests and Global Change,India,South-Asia,Tropical,Mixed forest,Hilly,No,Missing,30,Fine,SAR-only,No,Machine-learning,Random Forest,No,103,Local,Mg/ha,21.36
M167,S46,Lago-Grande-de-Curuai,Pereira et al. 2018,2018,Remote Sensing,Brazil,South-America,Tropical,Flooded forest,Flat / Lowland,No,Missing,20,Fine,SAR-only,No,Statistical,GWR,Yes,18,Local,Mg-ha,74.6
M168,S48,Mansehra-District,Imran et al. 2025,2025,Forests,Pakistan,South-Asia,Temperate,Coniferous forest,Hilly,Yes,GEDI L4A,30,Fine,LiDAR+Optical,Yes,Machine-learning,Random Forest,Yes,93248,Local,Mg/ha,28.03
M169,S48,Mansehra-District,Imran et al. 2025,2025,Forests,Pakistan,South-Asia,Temperate,Coniferous forest,Hilly,Yes,GEDI L4A,30,Fine,LiDAR+Optical,Yes,Machine-learning,XGBoost,No,93248,Local,Mg/ha,29.35
M170,S48,Mansehra-District,Imran et al. 2025,2025,Forests,Pakistan,South-Asia,Temperate,Coniferous forest,Hilly,Yes,GEDI L4A,30,Fine,LiDAR+Optical,Yes,Machine-learning,Decision Tree,No,93248,Local,Mg/ha,31.22
M171,S49,Subtropical-China,Zhang et al. 2019,2019,Remote Sensing of Environment,China,East-Asia,Subtropical,Mixed forest,Complex terrain,No,Missing,1000,Coarse,LiDAR+Optical,Yes,Machine-learning,Cubist,Yes,1268,Regional,Mg/ha,45.5
M173,S51,Conghua-Guangdong,Shao et al. 2017,2017,IEEE JSTARS,China,East-Asia,Subtropical,Mixed forest,Hilly,No,Missing,30,Medium,Optical+SAR+LiDAR,Yes,Deep-learning,Stacked Sparse Autoencoder (SSAE),Yes,,Local,Mg/ha,21.753
M184,S57,Sierra-Madre-Occidental,Lopez-Serrano et al. 2016,2016,Forests,Mexico,North-America,Temperate,Mixed forest,Mountainous,No,Missing,30,Medium,Optical-only,No,Machine-learning,M5 Model Tree,No,201,Local,Mg/ha,50.47
M185,S57,Sierra-Madre-Occidental,Lopez-Serrano et al. 2016,2016,Forests,Mexico,North-America,Temperate,Mixed forest,Mountainous,No,Missing,30,Medium,Optical-only,No,Machine-learning,M5 Model Tree,No,201,Local,Mg/ha,42.17
M186,S57,Sierra-Madre-Occidental,Lopez-Serrano et al. 2016,2016,Forests,Mexico,North-America,Temperate,Mixed forest,Mountainous,No,Missing,30,Medium,Optical-only,No,Machine-learning,M5 Model Tree,Yes,201,Local,Mg/ha,39.4
M187,S57,Howland-Maine,Sun et al. 2011,2011,Remote Sensing of Environment,USA,North-America,Temperate,Mixed forest,Hilly,No,Missing,30,Medium,SAR+LiDAR,Yes,Statistical,Linear Regression,Yes,112,Local,Mg/ha,31.33
M190,S60,Minas-Gerais-Eucalyptus,Domingues et al. 2019,2019,Computers and Electronics in Agriculture,Brazil,South-America,Subtropical,Plantation,Flat / Lowland,No,Missing,10,Fine,Optical+SAR,Yes,Machine-learning,Artificial Neural Network (ANN),Yes,206,Local,Mg/ha,3.59
M191,S61,Miengwe-Miombo-Zambia,Shamaoma et al. 2024,2024,Plant Methods,Zambia,East-Africa,Tropical,Deciduous forest,Complex terrain,No,Missing,20,Fine,LiDAR+Optical,Yes,Statistical,Multiple Linear Regression,Yes,700,Local,Mg/ha,27.97
M195,S64,Denmark,Nord-Larsen & Schumacher 2012,2012,Remote Sensing of Environment,Denmark,Europe,Temperate,Mixed forest,Flat / Lowland,No,Missing,,,LiDAR-only,No,Statistical,Nonlinear Regression,No,1267,National,Mg/ha,7.58
M196,S64,Denmark,Nord-Larsen & Schumacher 2012,2012,Remote Sensing of Environment,Denmark,Europe,Temperate,Mixed forest,Flat / Lowland,No,Missing,,,LiDAR-only,No,Statistical,Nonlinear Regression,Yes,1267,National,Mg/ha,82.95
M197,S64,Denmark,Nord-Larsen & Schumacher 2012,2012,Remote Sensing of Environment,Denmark,Europe,Temperate,Mixed forest,Flat / Lowland,No,Missing,,,LiDAR-only,No,Statistical,Nonlinear Regression,No,1267,National,Mg/ha,44.41
M199,S66,Maowei-Sea,Huang et al. 2022,2022,Geocarto International,China,East-Asia,Subtropical,Mangrove,Coastal,No,Missing,10,Fine,Optical+SAR,Yes,Machine-learning,LightGBM,Yes,227,Local,Mg/ha,24.6864
M207,S71,Cameroon-forest-savanna,Sagang et al. 2020,2020,Remote Sensing,Cameroon,Central-Africa,Tropical,Mixed forest,Complex terrain,No,Missing,10â30,Fine,LiDAR+Optical,Yes,Machine-learning,Random Forest,No,62,Regional,Mg/ha,65.0
M208,S71,Cameroon-forest-savanna,Sagang et al. 2020,2020,Remote Sensing,Cameroon,Central-Africa,Tropical,Mixed forest,Complex terrain,No,Missing,10â30,Fine,LiDAR+Optical,Yes,Machine-learning,Random Forest,Yes,62,Regional,Mg/ha,43.0
M209,S71,Cameroon-Sanaga,Sagang et al. 2020,2020,Remote Sensing,Cameroon,Central-Africa,Tropical,Mixed forest,Flat / Lowland,No,Missing,40,Medium,LiDAR-only,No,Statistical,Simple linear regression ALS,No,62,Local,Mg/ha,52.7
M210,S71,Cameroon-Sanaga,Sagang et al. 2020,2020,Remote Sensing,Cameroon,Central-Africa,Tropical,Mixed forest,Flat / Lowland,No,Missing,40,Medium,Optical-only,No,Machine-learning,Random Forest,No,62,Regional,Mg/ha,65.0
M211,S71,Cameroon-Sanaga,Sagang et al. 2020,2020,Remote Sensing,Cameroon,Central-Africa,Tropical,Mixed forest,Flat / Lowland,No,Missing,40,Medium,Optical-only,No,Machine-learning,Random Forest,No,62,Regional,Mg/ha,64.8
M212,S71,Cameroon-Sanaga,Sagang et al. 2020,2020,Remote Sensing,Cameroon,Central-Africa,Tropical,Mixed forest,Flat / Lowland,No,Missing,40,Medium,Optical-only,No,Machine-learning,Random Forest,No,62,Regional,Mg/ha,63.2
M213,S71,Cameroon-Sanaga,Sagang et al. 2020,2020,Remote Sensing,Cameroon,Central-Africa,Tropical,Mixed forest,Flat / Lowland,No,Missing,40,Medium,LiDAR+Optical,Yes,Machine-learning,Random Forest,No,117415,Regional,Mg/ha,48.3
M214,S71,Cameroon-Sanaga,Sagang et al. 2020,2020,Remote Sensing,Cameroon,Central-Africa,Tropical,Mixed forest,Flat / Lowland,No,Missing,40,Medium,LiDAR+Optical,Yes,Machine-learning,Random Forest,No,117415,Regional,Mg/ha,43.1
M215,S71,Cameroon-Sanaga,Sagang et al. 2020,2020,Remote Sensing,Cameroon,Central-Africa,Tropical,Mixed forest,Flat / Lowland,No,Missing,40,Medium,LiDAR+Optical,Yes,Machine-learning,Random Forest,Yes,117415,Regional,Mg/ha,42.8
M221,S74,Brazilian-Amazon,Ometto et al. 2023,2023,Scientific Data,Brazil,South-America,Tropical,Mixed forest,Complex terrain,No,Missing,250,Medium,Optical+SAR+LiDAR,Yes,Machine-learning,Random Forest,Yes,141032,Regional,Mg/ha,27.0
M223,S76,Miombo-Tanzania,Egberth et al. 2017,2017,Carbon Balance and Management,Tanzania,East-Africa,Tropical,Mixed forest,Complex terrain,No,Missing,30,Medium,Optical-only,No,Statistical,Multiple Linear Regression,No,88,Local,Mg/ha,30.6
M224,S76,Miombo-Tanzania,Egberth et al. 2017,2017,Carbon Balance and Management,Tanzania,East-Africa,Tropical,Mixed forest,Complex terrain,No,Missing,30,Medium,LiDAR-only,No,Statistical,Multiple Linear Regression,No,88,Local,Mg/ha,23.3
M225,S76,Miombo-Tanzania,Egberth et al. 2017,2017,Carbon Balance and Management,Tanzania,East-Africa,Tropical,Mixed forest,Complex terrain,No,Missing,30,Medium,LiDAR+Optical,Yes,Statistical,Multiple Linear Regression,Yes,88,Local,Mg/ha,22.7
M226,S77,Maine-forest,Zhang et al. 2017,2017,Remote Sensing of Environment,USA,North-America,Temperate,Mixed forest,Hilly,No,Missing,50,Medium,SAR-only,No,Statistical,Multiple Linear Regression,No,,Local,Mg/ha,52.08
M227,S77,Maine-forest,Zhang et al. 2017,2017,Remote Sensing of Environment,USA,North-America,Temperate,Mixed forest,Hilly,No,Missing,50,Medium,Optical+SAR,Yes,Statistical,Multiple Linear Regression,Yes,,Local,Mg/ha,39.74
M228,S78,Cape-Verde-xerophytic,Bernasconi et al. 2017,2017,Remote Sensing,Cabo Verde,West-Africa,Subtropical,Shrubland,Hilly,No,Missing,22.4,Fine,Optical-only,No,Statistical,GWR,No,184,Local,Mg/ha,5.04
M229,S78,Cape-Verde-xerophytic,Bernasconi et al. 2017,2017,Remote Sensing,Cabo Verde,West-Africa,Subtropical,Shrubland,Hilly,No,Missing,22.4,Fine,Optical-only,No,Statistical,GWR,Yes,184,Local,Mg/ha,4.76
M230,S79,Finland-Evo,Yu et al. 2015,2015,Remote Sensing,Finland,Europe,Boreal,Coniferous forest,Flat / Lowland,No,Missing,4,Medium,SAR-only,No,Machine-learning,Random Forest,,91,Local,Mg/ha,37.0
M231,S80,Finland-Espoo,Vastaranta et al. 2014,2014,Remote Sensing,Finland,Europe,Boreal,Coniferous forest,Flat / Lowland,No,Missing,1/1/2035 0:00,High,SAR+LiDAR,Yes,Machine-learning,k MSN,Yes,207,Local,Mg/ha,15.6
M233,S82,Australia-continent,Liao et al. 2020,2020,Int J Appl Earth Obs Geoinformation,Australia,Oceania,Subtropical,Shrubland,Complex terrain,No,Missing,25,High-resolution,Optical+SAR+LiDAR,Yes,Machine-learning,Random Forest,Yes,40585,Local,Mg/ha,80.0
M234,S83,Miombo-Tanzania,Melitha et al. 2025,2025,Earth Science Informatics,Tanzania,East-Africa,Tropical,Miombo woodland,Hilly,No,Missing,0.04,Ultra-high-resolution,Optical-only,No,Machine-learning,Random Forest,Yes,78,Local,Mg/ha,37.27
M235,S83,Miombo-Tanzania,Melitha et al. 2025,2025,Earth Science Informatics,Tanzania,East-Africa,Tropical,Miombo woodland,Hilly,No,Missing,0.04,Ultra-high-resolution,Optical-only,No,Machine-learning,XGBoost,No,78,Local,Mg/ha,42.19
M236,S83,Miombo-Tanzania,Melitha et al. 2025,2025,Earth Science Informatics,Tanzania,East-Africa,Tropical,Miombo woodland,Hilly,No,Missing,0.04,Ultra-high-resolution,Optical-only,No,Machine-learning,Gradient Boosting,No,78,Local,Mg/ha,61.49
M237,S83,Miombo-Tanzania,Melitha et al. 2025,2025,Earth Science Informatics,Tanzania,East-Africa,Tropical,Miombo woodland,Hilly,No,Missing,0.04,Ultra-high-resolution,Optical-only,No,Machine-learning,SVM,No,78,Local,Mg/ha,61.31
M239,S84,CanGio-Vietnam,Luong et al. 2019,2019,Applied Ecology and Environmental Research,Vietnam,Southeast-Asia,Tropical,Mangrove,Coastal,No,Missing,6.25,High-resolution,SAR-only,No,Statistical,Linear Regression,No,30,Local,Mg/ha,28.16
M240,S84,CanGio-Vietnam,Luong et al. 2019,2019,Applied Ecology and Environmental Research,Vietnam,Southeast-Asia,Tropical,Mangrove,Coastal,No,Missing,6.25,High-resolution,SAR-only,No,Statistical,Polynomial regression,No,30,Local,Mg/ha,28.03
M241,S84,CanGio-Vietnam,Luong et al. 2019,2019,Applied Ecology and Environmental Research,Vietnam,Southeast-Asia,Tropical,Mangrove,Coastal,No,Missing,6.25,High-resolution,SAR-only,Yes,Statistical,Multiple Linear Regression,No,30,Local,Mg/ha,29.78
M242,S84,CanGio-Vietnam,Luong et al. 2019,2019,Applied Ecology and Environmental Research,Vietnam,Southeast-Asia,Tropical,Mangrove,Coastal,No,Missing,6.25,High-resolution,SAR-only,Yes,Statistical,Multiple Linear Regression,Yes,30,Local,Mg/ha,27.76
M244,S86,Vancouver-Island-Canada,Chen & Hay 2011,2011,Photogrammetric Engineering and Remote Sensing,Canada,North-America,Temperate,Coniferous forest,Mountainous,No,Missing,1,Very-high-resolution,LiDAR+Optical,Yes,Machine-learning,SVM,Yes,,Local,Mg/ha,63.1
M245,S87,Gwangneung-Korea,Kim et al. 2010,2010,Science China Life Sciences,South Korea,East-Asia,Temperate,Coniferous forest,Mountainous,No,Missing,0.25,Very-high-resolution,LiDAR+Optical,Yes,Statistical,Allometric Model,Yes,47,Local,Mg/tree,5.07
M246,S88,Puer,Wang et al. 2024,2024,Forests,China,East-Asia,Subtropical,Coniferous forest,Mountainous,Yes,GEDI L4A,30,Medium,Optical+SAR,Yes,Machine-learning,Random Forest,No,27,Local,Mg/ha,25.21
M247,S88,All-sites,Wang et al. 2024,2024,Forests,China,East-Asia,Subtropical,Mixed forest,Mountainous,Yes,GEDI L4A,30,Medium,Optical+SAR,Yes,Machine-learning,Random Forest,No,98,Regional,Mg/ha,29.42
M248,S88,Puer-Broadleaf,Wang et al. 2024,2024,Forests,China,East-Asia,Subtropical,Evergreen_forest,Mountainous,Yes,GEDI L4A,30,Medium,Optical+SAR,Yes,Machine-learning,Random Forest,No,31,Local,Mg/ha,12.54
M249,S88,Yiliang,Wang et al. 2024,2024,Forests,China,East-Asia,Subtropical,Coniferous forest,Mountainous,Yes,GEDI L4A,30,Medium,Optical+SAR,Yes,Machine-learning,Random Forest,Yes,40,Local,Mg/ha,7.95
M258,S91,Sonoma-County,Duncanson et al. 2020,2020,Remote Sensing of Environment,USA,North-America,Temperate,Mixed forest,Mountainous,Yes,GEDI Multi-level,25,Medium,LiDAR-only,Yes,Statistical,OLS Regression,Yes,,Regional,Mg/ha,80.2
M259,S91,Sonoma-County,Duncanson et al. 2020,2020,Remote Sensing of Environment,USA,North-America,Temperate,Mixed forest,Mountainous,No,Missing,100,Coarse,LiDAR-only,Yes,Statistical,OLS Regression,No,,Regional,Mg/ha,137.8
M260,S91,Sonoma-County,Duncanson et al. 2020,2020,Remote Sensing of Environment,USA,North-America,Temperate,Mixed forest,Mountainous,No,Missing,30,Medium,SAR-only,Yes,Statistical,Logarithmic Regression,No,,Regional,Mg/ha,151.55
M263,S92,Multi-biome,Cendagorta-Galarza Friend 2025,2025,,Multiple,Global,Boreal,Mixed forest,Complex terrain,No,Missing,100,Coarse,,No,Statistical,ESA CCI global biomass dataset used as benchmark,No,,Multi-country,Statistical,0.54
M275,S92,Catalonia,Cendagorta-Galarza Friend 2025,2025,Master Thesis UPC,Spain,Europe,Mediterranean,Mixed forest,Complex terrain,Yes,Missing,100,,,,Statistical,,,,Regional,,0.085
M276,S93,Wunbaik-Mangrove,Maung et al. 2025,2025,Discover Conservation,Myanmar,Southeast-Asia,Tropical,Mangrove,Flat / Lowland,No,Missing,10,Fine,Optical+SAR+LiDAR,Yes,Machine-learning,XGBoost,No,60,Local,Mg/ha,44.22
M277,S93,Wunbaik-Mangrove,Maung et al. 2025,2025,Discover Conservation,Myanmar,Southeast-Asia,Tropical,Mangrove,Flat / Lowland,No,Missing,10,Fine,Optical+SAR+LiDAR,Yes,Machine-learning,SVM,No,60,Local,Mg/ha,37.7
M278,S93,Wunbaik-Mangrove,Maung et al. 2025,2025,Discover Conservation,Myanmar,Southeast-Asia,Tropical,Mangrove,Flat / Lowland,No,Missing,10,Fine,Optical+SAR+LiDAR,Yes,Machine-learning,Random Forest,Yes,60,Local,Mg/ha,32.05
M279,S94,Genhe-Forest-Farms,Ding et al. 2025,2025,Remote Sensing,China,East-Asia,Temperate,Mixed forest,Hilly,Yes,GEDI Multi-level,25,Fine,Optical+SAR+LiDAR,Yes,Statistical,Hybrid Biomass Model,No,80,Local,Mg/ha,33.95
M280,S94,Genhe-Forest-Farms,Ding et al. 2025,2025,Remote Sensing,China,East-Asia,Temperate,Mixed forest,Hilly,Yes,GEDI Multi-level,25,Fine,Optical+SAR+LiDAR,Yes,Statistical,Hybrid Biomass Model,No,80,Local,Mg/ha,33.72
M281,S94,Genhe-Forest-Farms,Ding et al. 2025,2025,Remote Sensing,China,East-Asia,Temperate,Mixed forest,Hilly,Yes,GEDI Multi-level,25,Fine,Optical+SAR+LiDAR,Yes,Statistical,Regression Kriging,Yes,80,Local,Mg/ha,27.07
M282,S94,Genhe-Forest-Farms,Ding et al. 2025,2025,Remote Sensing,China,East-Asia,Temperate,Mixed forest,Hilly,Yes,GEDI Multi-level,25,Fine,Optical+SAR+LiDAR,Yes,Statistical,3sGHMB,No,80,Local,Mg/ha,36.58
M283,S94,Genhe-Forest-Farms,Ding et al. 2025,2025,Remote Sensing,China,East-Asia,Temperate,Mixed forest,Hilly,Yes,GEDI Multi-level,25,Fine,Optical+SAR+LiDAR,Yes,Statistical,Hybrid Biomass Model,No,80,Local,Mg/ha,28.55
M284,S95,Florida-sites,Bueno et al. 2025,2025,Remote Sensing,USA,North-America,Subtropical,Mixed forest,Flat / Lowland,Yes,GEDI L4A,30,Medium,Optical+SAR+LiDAR,Yes,Machine-learning,Random Forest,Yes,1000,Local,Mg/ha,48.3
M285,S95,Florida-sites,Bueno et al. 2025,2025,Remote Sensing,USA,North-America,Subtropical,Mixed forest,Flat / Lowland,Yes,GEDI Multi-level,30,Medium,Optical+SAR+LiDAR,Yes,Machine-learning,Random Forest,No,1000,Local,Mg/ha,43.7
M286,S95,Florida-sites,Bueno et al. 2025,2025,Remote Sensing,USA,North-America,Subtropical,Mixed forest,Flat / Lowland,Yes,GEDI L2A,30,Medium,Optical+SAR+LiDAR,Yes,Statistical,Power law regression,No,27,Local,Mg/ha,51.7
M287,S96,Misiones-Pinus-plantations,Grings et al. 2025,2025,Journal of Applied Remote Sensing,Argentina,South-America,Subtropical,Plantation,Flat / Lowland,Yes,GEDI L4A,25,Fine,LiDAR-only,No,Statistical,Validation correlation,Yes,37,Local,Mg/ha,89.1
M304,S98,Terai_Arc_Landscape,Rana et al. 2023,2023,International Journal of Remote Sensing,Nepal,South-Asia,Tropical,Mixed forest,Flat / Lowland,Yes,Missing,1,Fine,LiDAR-only,No,Statistical,Weighted Least Squares,No,632,Local,Mg/ha,62.9
M305,S98,Terai_Arc_Landscape,Rana et al. 2023,2023,International Journal of Remote Sensing,Nepal,South-Asia,Tropical,Mixed forest,Flat / Lowland,No,Missing,5,Fine,Optical-only,No,Statistical,Weighted Least Squares,No,632,Local,Mg/ha,98.0
M306,S98,Terai_Arc_Landscape,Rana et al. 2023,2023,International Journal of Remote Sensing,Nepal,South-Asia,Tropical,Mixed forest,Flat / Lowland,No,Missing,30,Medium,Optical-only,No,Statistical,Weighted Least Squares,No,632,Local,Mg/ha,99.7
M307,S98,Terai_Arc_Landscape,Rana et al. 2023,2023,International Journal of Remote Sensing,Nepal,South-Asia,Tropical,Mixed forest,Flat / Lowland,Yes,Missing,5,Fine,LiDAR+Optical,Yes,Statistical,Weighted Least Squares,No,632,Local,Mg/ha,62.4
M308,S98,Terai_Arc_Landscape,Rana et al. 2023,2023,International Journal of Remote Sensing,Nepal,South-Asia,Tropical,Mixed forest,Flat / Lowland,Yes,Missing,30,Medium,LiDAR+Optical,Yes,Statistical,Weighted Least Squares,No,632,Local,Mg/ha,65.3
M309,S98,Terai_Arc_Landscape,Rana et al. 2023,2023,International Journal of Remote Sensing,Nepal,South-Asia,Tropical,Mixed forest,Flat / Lowland,Yes,Missing,1,Fine,LiDAR-only,No,Machine-learning,Random Forest,No,632,Local,Mg/ha,61.72
M310,S98,Terai_Arc_Landscape,Rana et al. 2023,2023,International Journal of Remote Sensing,Nepal,South-Asia,Tropical,Mixed forest,Flat / Lowland,No,Missing,5,Fine,Optical-only,No,Machine-learning,Random Forest,No,632,Local,Mg/ha,88.42
M311,S98,Terai_Arc_Landscape,Rana et al. 2023,2023,International Journal of Remote Sensing,Nepal,South-Asia,Tropical,Mixed forest,Flat / Lowland,No,Missing,30,Medium,Optical-only,No,Machine-learning,Random Forest,No,632,Local,Mg/ha,87.14
M312,S98,Terai_Arc_Landscape,Rana et al. 2023,2023,International Journal of Remote Sensing,Nepal,South-Asia,Tropical,Mixed forest,Flat / Lowland,Yes,Missing,5,Fine,LiDAR+Optical,Yes,Machine-learning,Random Forest,No,632,Local,Mg/ha,58.49
M313,S98,Terai_Arc_Landscape,Rana et al. 2023,2023,International Journal of Remote Sensing,Nepal,South-Asia,Tropical,Mixed forest,Flat / Lowland,Yes,Missing,30,Medium,LiDAR+Optical,Yes,Machine-learning,Random Forest,No,632,Local,Mg/ha,59.53
M314,S98,Terai_Arc_Landscape,Rana et al. 2023,2023,International Journal of Remote Sensing,Nepal,South-Asia,Tropical,Mixed forest,Flat / Lowland,Yes,Missing,1,Fine,LiDAR-only,No,Machine-learning,Extremely Randomized Trees,No,632,Local,Mg/ha,60.84
M315,S98,Terai_Arc_Landscape,Rana et al. 2023,2023,International Journal of Remote Sensing,Nepal,South-Asia,Tropical,Mixed forest,Flat / Lowland,No,Missing,5,Fine,Optical-only,No,Machine-learning,Extremely Randomized Trees,No,632,Local,Mg/ha,91.2
M316,S98,Terai_Arc_Landscape,Rana et al. 2023,2023,International Journal of Remote Sensing,Nepal,South-Asia,Tropical,Mixed forest,Flat / Lowland,No,Missing,30,Medium,Optical-only,No,Machine-learning,Extremely Randomized Trees,No,632,Local,Mg/ha,89.83
M317,S98,Terai_Arc_Landscape,Rana et al. 2023,2023,International Journal of Remote Sensing,Nepal,South-Asia,Tropical,Mixed forest,Flat / Lowland,Yes,Missing,5,Fine,LiDAR+Optical,Yes,Machine-learning,Extremely Randomized Trees,No,632,Local,Mg/ha,57.8
M318,S98,Terai_Arc_Landscape,Rana et al. 2023,2023,International Journal of Remote Sensing,Nepal,South-Asia,Tropical,Mixed forest,Flat / Lowland,Yes,Missing,30,Medium,LiDAR+Optical,Yes,Machine-learning,Extremely Randomized Trees,No,632,Local,Mg/ha,59.13
M319,S98,Terai_Arc_Landscape,Rana et al. 2023,2023,International Journal of Remote Sensing,Nepal,South-Asia,Tropical,Mixed forest,Flat / Lowland,Yes,Missing,1,Fine,LiDAR-only,No,Deep-learning,Stacked Autoencoder,No,632,Local,Mg/ha,55.36
M320,S98,Terai_Arc_Landscape,Rana et al. 2023,2023,International Journal of Remote Sensing,Nepal,South-Asia,Tropical,Mixed forest,Flat / Lowland,No,Missing,5,Fine,Optical-only,No,Deep-learning,Stacked Autoencoder,No,632,Local,Mg/ha,87.17
M321,S98,Terai_Arc_Landscape,Rana et al. 2023,2023,International Journal of Remote Sensing,Nepal,South-Asia,Tropical,Mixed forest,Flat / Lowland,No,Missing,30,Medium,Optical-only,No,Deep-learning,Stacked Autoencoder,No,632,Local,Mg/ha,85.23
M322,S98,Terai_Arc_Landscape,Rana et al. 2023,2023,International Journal of Remote Sensing,Nepal,South-Asia,Tropical,Mixed forest,Flat / Lowland,Yes,Missing,5,Fine,LiDAR+Optical,Yes,Deep-learning,Stacked Autoencoder,Yes,632,Local,Mg/ha,54.01
M323,S98,Terai_Arc_Landscape,Rana et al. 2023,2023,International Journal of Remote Sensing,Nepal,South-Asia,Tropical,Mixed forest,Flat / Lowland,Yes,Missing,30,Medium,LiDAR+Optical,Yes,Deep-learning,Stacked Autoencoder,No,632,Local,Mg/ha,58.33
M324,S99,Lin'an,Tian et al. 2024,2024,Remote Sensing,China,East-Asia,Subtropical,Mixed forest,Hilly,No,Missing,1,Very_fine,SAR-only,No,Machine-learning,Random Forest,No,130,Local,Mg/ha,32.9378
M325,S99,Lin'an,Tian et al. 2024,2024,Remote Sensing,China,East-Asia,Subtropical,Mixed forest,Hilly,No,Missing,1,Very_fine,SAR-only,No,Deep-learning,CNN LSTM,No,130,Local,Mg/ha,31.5704
M326,S99,Lin'an,Tian et al. 2024,2024,Remote Sensing,China,East-Asia,Subtropical,Mixed forest,Hilly,No,Missing,1,Very_fine,SAR-only,No,Deep-learning,CNN,No,130,Local,Mg/ha,36.5828
M327,S99,Lin'an,Tian et al. 2024,2024,Remote Sensing,China,East-Asia,Subtropical,Mixed forest,Hilly,No,Missing,5,Fine,SAR-only,No,Machine-learning,Random Forest,No,130,Local,Mg/ha,32.9558
M328,S99,Lin'an,Tian et al. 2024,2024,Remote Sensing,China,East-Asia,Subtropical,Mixed forest,Hilly,No,Missing,5,Fine,SAR-only,No,Deep-learning,CNN LSTM,No,130,Local,Mg/ha,32.7193
M329,S99,Lin'an,Tian et al. 2024,2024,Remote Sensing,China,East-Asia,Subtropical,Mixed forest,Hilly,No,Missing,5,Fine,SAR-only,No,Deep-learning,CNN,No,130,Local,Mg/ha,35.0048
M330,S99,Lin'an,Tian et al. 2024,2024,Remote Sensing,China,East-Asia,Subtropical,Mixed forest,Hilly,No,Missing,3,Very_fine,SAR-only,No,Machine-learning,Random Forest,No,130,Local,Mg/ha,34.5347
M331,S99,Lin'an,Tian et al. 2024,2024,Remote Sensing,China,East-Asia,Subtropical,Mixed forest,Hilly,No,Missing,3,Very_fine,SAR-only,No,Deep-learning,CNN LSTM,No,130,Local,Mg/ha,31.7333
M332,S99,Lin'an,Tian et al. 2024,2024,Remote Sensing,China,East-Asia,Subtropical,Mixed forest,Hilly,No,Missing,3,Very_fine,SAR-only,No,Deep-learning,CNN,No,130,Local,Mg/ha,31.8198
M333,S99,Lin'an,Tian et al. 2024,2024,Remote Sensing,China,East-Asia,Subtropical,Mixed forest,Hilly,No,Missing,16,Medium,Optical-only,No,Machine-learning,Random Forest,No,130,Local,Mg/ha,30.2162
M334,S99,Lin'an,Tian et al. 2024,2024,Remote Sensing,China,East-Asia,Subtropical,Mixed forest,Hilly,No,Missing,16,Medium,Optical-only,No,Deep-learning,CNN LSTM,No,130,Local,Mg/ha,28.2498
M335,S99,Lin'an,Tian et al. 2024,2024,Remote Sensing,China,East-Asia,Subtropical,Mixed forest,Hilly,No,Missing,16,Medium,Optical-only,No,Deep-learning,CNN,No,130,Local,Mg/ha,27.3346
M336,S99,Lin'an,Tian et al. 2024,2024,Remote Sensing,China,East-Asia,Subtropical,Mixed forest,Hilly,No,Missing,10,Fine,Optical-only,No,Machine-learning,Random Forest,No,130,Local,Mg/ha,32.6217
M337,S99,Lin'an,Tian et al. 2024,2024,Remote Sensing,China,East-Asia,Subtropical,Mixed forest,Hilly,No,Missing,10,Fine,Optical-only,No,Deep-learning,CNN LSTM,No,130,Local,Mg/ha,27.0122
M338,S99,Lin'an,Tian et al. 2024,2024,Remote Sensing,China,East-Asia,Subtropical,Mixed forest,Hilly,No,Missing,10,Fine,Optical-only,No,Deep-learning,CNN,No,130,Local,Mg/ha,29.76
M339,S99,Lin'an,Tian et al. 2024,2024,Remote Sensing,China,East-Asia,Subtropical,Mixed forest,Hilly,No,Missing,30,Medium,Optical-only,No,Machine-learning,Random Forest,No,130,Local,Mg/ha,27.2423
M340,S99,Lin'an,Tian et al. 2024,2024,Remote Sensing,China,East-Asia,Subtropical,Mixed forest,Hilly,No,Missing,30,Medium,Optical-only,No,Deep-learning,CNN LSTM,No,130,Local,Mg/ha,26.8161
M341,S99,Lin'an,Tian et al. 2024,2024,Remote Sensing,China,East-Asia,Subtropical,Mixed forest,Hilly,No,Missing,30,Medium,Optical-only,No,Deep-learning,CNN,No,130,Local,Mg/ha,27.2312
M342,S99,Lin'an,Tian et al. 2024,2024,Remote Sensing,China,East-Asia,Subtropical,Mixed forest,Hilly,No,Missing,,,SAR-only,Yes,Machine-learning,Random Forest,No,130,Local,Mg/ha,32.0451
M343,S99,Lin'an,Tian et al. 2024,2024,Remote Sensing,China,East-Asia,Subtropical,Mixed forest,Hilly,No,Missing,,,SAR-only,Yes,Deep-learning,CNN LSTM,No,130,Local,Mg/ha,30.0384
M344,S99,Lin'an,Tian et al. 2024,2024,Remote Sensing,China,East-Asia,Subtropical,Mixed forest,Hilly,No,Missing,,,SAR-only,Yes,Deep-learning,CNN,No,130,Local,Mg/ha,34.2938
M345,S99,Lin'an,Tian et al. 2024,2024,Remote Sensing,China,East-Asia,Subtropical,Mixed forest,Hilly,No,Missing,,,Optical-only,Yes,Machine-learning,Random Forest,No,130,Local,Mg/ha,28.8863
M346,S99,Lin'an,Tian et al. 2024,2024,Remote Sensing,China,East-Asia,Subtropical,Mixed forest,Hilly,No,Missing,,,Optical-only,Yes,Deep-learning,CNN LSTM,No,130,Local,Mg/ha,26.9166
M347,S99,Lin'an,Tian et al. 2024,2024,Remote Sensing,China,East-Asia,Subtropical,Mixed forest,Hilly,No,Missing,,,Optical-only,Yes,Deep-learning,CNN,No,130,Local,Mg/ha,27.8161
M348,S99,Lin'an,Tian et al. 2024,2024,Remote Sensing,China,East-Asia,Subtropical,Mixed forest,Hilly,No,Missing,,,Optical+SAR,Yes,Machine-learning,Random Forest,No,130,Local,Mg/ha,27.554
M349,S99,Lin'an,Tian et al. 2024,2024,Remote Sensing,China,East-Asia,Subtropical,Mixed forest,Hilly,No,Missing,,,Optical+SAR,Yes,Deep-learning,CNN LSTM,Yes,130,Local,Mg/ha,26.4314
M350,S99,Lin'an,Tian et al. 2024,2024,Remote Sensing,China,East-Asia,Subtropical,Mixed forest,Hilly,No,Missing,,,Optical+SAR,Yes,Deep-learning,CNN,No,130,Local,Mg/ha,27.2432
M351,S100,Inner_Mongolia,Jin et al. 2024,2024,Ecological Informatics,China,East-Asia,Arid,Shrubland,Plateau,No,Missing,0.015,Very_fine,Optical-only,No,Statistical,Power function regression,No,173,Local,kg,2.736
M352,S100,Inner_Mongolia,Jin et al. 2024,2024,Ecological Informatics,China,East-Asia,Arid,Shrubland,Plateau,No,Missing,0.015,Very_fine,Optical-only,No,Statistical,Power function regression,No,173,Local,kg,2.853
M353,S100,Inner_Mongolia,Jin et al. 2024,2024,Ecological Informatics,China,East-Asia,Arid,Shrubland,Plateau,No,Missing,0.015,Very_fine,Optical-only,No,Statistical,Power function regression,No,173,Local,kg,2.506
M354,S100,Inner_Mongolia,Jin et al. 2024,2024,Ecological Informatics,China,East-Asia,Arid,Shrubland,Plateau,No,Missing,0.015,Very_fine,Optical-only,No,Statistical,Power function regression,Yes,173,Local,kg,2.46
M355,S100,Inner_Mongolia,Jin et al. 2024,2024,Ecological Informatics,China,East-Asia,Arid,Shrubland,Plateau,No,Missing,0.015,Very_fine,Optical-only,No,Statistical,Power function regression,No,173,Local,kg,2.509
M356,S100,Inner_Mongolia,Jin et al. 2024,2024,Ecological Informatics,China,East-Asia,Arid,Shrubland,Plateau,No,Missing,0.015,Very_fine,Optical-only,No,Statistical,Power function regression,No,173,Local,kg,2.489
M384,S102,Jiyuan,Yang et al. 2025b,2025,Journal of Applied Remote Sensing,China,East-Asia,Temperate,Deciduous forest,Hilly,Yes,GEDI Multi-level,25,Medium,LiDAR-only,No,Machine-learning,Random Forest,No,51,Local,tC/hm2,7.34
M385,S102,Jiyuan,Yang et al. 2025b,2025,Journal of Applied Remote Sensing,China,East-Asia,Temperate,Deciduous forest,Hilly,Yes,GEDI Multi-level,25,Medium,LiDAR-only,No,Machine-learning,SVM,No,51,Local,tC/hm2,7.589
M386,S102,Jiyuan,Yang et al. 2025b,2025,Journal of Applied Remote Sensing,China,East-Asia,Temperate,Deciduous forest,Hilly,Yes,GEDI Multi-level,25,Medium,LiDAR-only,No,Deep-learning,CNN,No,51,Local,tC/hm2,7.966
M387,S102,Jiyuan,Yang et al. 2025b,2025,Journal of Applied Remote Sensing,China,East-Asia,Temperate,Deciduous forest,Hilly,No,Missing,8,Fine,Optical-only,No,Machine-learning,Random Forest,No,51,Local,tC/hm2,11.356
M388,S102,Jiyuan,Yang et al. 2025b,2025,Journal of Applied Remote Sensing,China,East-Asia,Temperate,Deciduous forest,Hilly,No,Missing,8,Fine,Optical-only,No,Machine-learning,SVM,No,51,Local,tC/hm2,12.671
M389,S102,Jiyuan,Yang et al. 2025b,2025,Journal of Applied Remote Sensing,China,East-Asia,Temperate,Deciduous forest,Hilly,No,Missing,8,Fine,Optical-only,No,Deep-learning,CNN,No,51,Local,tC/hm2,12.33
M390,S102,Jiyuan,Yang et al. 2025b,2025,Journal of Applied Remote Sensing,China,East-Asia,Temperate,Deciduous forest,Hilly,Yes,GEDI Multi-level,8,Fine,LiDAR+Optical,Yes,Machine-learning,Random Forest,Yes,51,Local,tC/hm2,6.179
M391,S102,Jiyuan,Yang et al. 2025b,2025,Journal of Applied Remote Sensing,China,East-Asia,Temperate,Deciduous forest,Hilly,Yes,GEDI Multi-level,8,Fine,LiDAR+Optical,Yes,Machine-learning,SVM,No,51,Local,tC/hm2,8.873
M392,S102,Jiyuan,Yang et al. 2025b,2025,Journal of Applied Remote Sensing,China,East-Asia,Temperate,Deciduous forest,Hilly,Yes,GEDI Multi-level,8,Fine,LiDAR+Optical,Yes,Deep-learning,CNN,No,51,Local,tC/hm2,6.669
M393,S103,AoI_Europe,Albors et al. 2025,2025,IEEE Transactions on Geoscience and Remote Sensing,Spain,Europe,Temperate,Mixed forest,Complex terrain,No,Missing,25,HR,Optical-only,Yes,Deep-learning,BiomSHARP,Yes,64 patches (1920x1920),Regional,Mg/ha,33.7
M394,S103,AoI_Europe,Albors et al. 2025,2025,IEEE Transactions on Geoscience and Remote Sensing,Spain,Europe,Temperate,Mixed forest,Complex terrain,No,Missing,25,HR,Optical-only,Yes,Deep-learning,BiomSHARP,Yes,64 patches (1920x1920),Regional,Mg/ha,32.84
M395,S103,AoI_Europe,Albors et al. 2025,2025,IEEE Transactions on Geoscience and Remote Sensing,Spain,Europe,Temperate,Mixed forest,Complex terrain,No,Missing,25,HR,Optical-only,Yes,Deep-learning,HAT S,No,64 patches (1920x1920),Regional,Mg/ha,48.58
M396,S103,AoI_Europe,Albors et al. 2025,2025,IEEE Transactions on Geoscience and Remote Sensing,Spain,Europe,Temperate,Mixed forest,Complex terrain,No,Missing,25,HR,Optical-only,Yes,Deep-learning,HAT S,No,64 patches (1920x1920),Regional,Mg/ha,48.58
M397,S103,AoI_Europe,Albors et al. 2025,2025,IEEE Transactions on Geoscience and Remote Sensing,Spain,Europe,Temperate,Mixed forest,Complex terrain,No,Missing,25,HR,Optical-only,Yes,Deep-learning,ReUse,No,64 patches (1920x1920),Regional,Mg/ha,41.19
M398,S103,AoI_Europe,Albors et al. 2025,2025,IEEE Transactions on Geoscience and Remote Sensing,Spain,Europe,Temperate,Mixed forest,Complex terrain,No,Missing,25,HR,Optical-only,Yes,Deep-learning,ReUse,No,64 patches (1920x1920),Regional,Mg/ha,39.5
M399,S103,AoI_Europe,Albors et al. 2025,2025,IEEE Transactions on Geoscience and Remote Sensing,Spain,Europe,Temperate,Mixed forest,Complex terrain,No,Missing,25,HR,Optical-only,Yes,Deep-learning,SGNet,No,64 patches (1920x1920),Regional,Mg/ha,36.89
M400,S103,AoI_Europe,Albors et al. 2025,2025,IEEE Transactions on Geoscience and Remote Sensing,Spain,Europe,Temperate,Mixed forest,Complex terrain,No,Missing,25,HR,Optical-only,Yes,Deep-learning,SGNet,No,64 patches (1920x1920),Regional,Mg/ha,35.08
M401,S103,France_2020,Albors et al. 2025,2025,IEEE Transactions on Geoscience and Remote Sensing,France,Europe,Temperate,Mixed forest,Complex terrain,No,Missing,25,HR,Optical-only,Yes,Deep-learning,BiomSHARP,Yes,AoI patches,Regional,Mg/ha,32.34
M402,S103,France_2020,Albors et al. 2025,2025,IEEE Transactions on Geoscience and Remote Sensing,France,Europe,Temperate,Mixed forest,Complex terrain,No,Missing,25,HR,Optical-only,Yes,Deep-learning,SGNet,No,AoI patches,Regional,Mg/ha,34.07
M408,S105,Hunan_Direct,Yao et al. 2026,2026,IEEE Journal of Selected Topics in Applied Earth Observations and Remote Sensing,China,East-Asia,Subtropical,Mixed forest,Complex terrain,Yes,Missing,30,MR,LiDAR-only,Yes,Statistical,Direct aggregation,No,,Regional,Mg/ha,32.67
M409,S105,Hunan_Linear,Yao et al. 2026,2026,IEEE Journal of Selected Topics in Applied Earth Observations and Remote Sensing,China,East-Asia,Subtropical,Mixed forest,Complex terrain,Yes,Missing,30,MR,LiDAR-only,Yes,Statistical,Linear Regression,No,,Regional,Mg/ha,23.9
M410,S105,Hunan_Ridge,Yao et al. 2026,2026,IEEE Journal of Selected Topics in Applied Earth Observations and Remote Sensing,China,East-Asia,Subtropical,Mixed forest,Complex terrain,Yes,Missing,30,MR,LiDAR-only,Yes,Statistical,Ridge Regression,No,,Regional,Mg/ha,12.39
M411,S105,Hunan_Lasso,Yao et al. 2026,2026,IEEE Journal of Selected Topics in Applied Earth Observations and Remote Sensing,China,East-Asia,Subtropical,Mixed forest,Complex terrain,Yes,Missing,30,MR,LiDAR-only,Yes,Statistical,Lasso Regression,No,,Regional,Mg/ha,20.41
M412,S105,Hunan_Stacking_Full,Yao et al. 2026,2026,IEEE Journal of Selected Topics in Applied Earth Observations and Remote Sensing,China,East-Asia,Subtropical,Mixed forest,Complex terrain,Yes,Missing,30,MR,LiDAR-only,Yes,Machine-learning,Stacking Ensemble,Yes,,Regional,Mg/ha,8.79
M413,S105,Hunan_Stacking_Reduced,Yao et al. 2026,2026,IEEE Journal of Selected Topics in Applied Earth Observations and Remote Sensing,China,East-Asia,Subtropical,Mixed forest,Complex terrain,Yes,Missing,30,MR,LiDAR-only,Yes,Machine-learning,Stacking Ensemble Reduced,No,,Regional,Mg/ha,12.11
M414,S106,Taiwan_kNN_Best,Lin & Doyog 2025,2025,IEEE Journal of Selected Topics in Applied Earth Observations and Remote Sensing,Taiwan,East-Asia,Subtropical,Mixed forest,Mountainous,Yes,Missing,10,HR,LiDAR+Optical,Yes,Machine-learning,kNN,Yes,8000,Local,Mg/ha,33.72
M415,S106,Taiwan_kNN_SRan,Lin & Doyog 2025,2025,IEEE Journal of Selected Topics in Applied Earth Observations and Remote Sensing,Taiwan,East-Asia,Subtropical,Mixed forest,Mountainous,Yes,Missing,10,HR,LiDAR+Optical,Yes,Machine-learning,kNN,No,8000,Local,Mg/ha,34.74
M416,S106,Taiwan_kNN_SClus,Lin & Doyog 2025,2025,IEEE Journal of Selected Topics in Applied Earth Observations and Remote Sensing,Taiwan,East-Asia,Subtropical,Mixed forest,Mountainous,Yes,Missing,10,HR,LiDAR+Optical,Yes,Machine-learning,kNN,No,8000,Local,Mg/ha,35.56
M417,S106,Taiwan_kNN_Worst,Lin & Doyog 2025,2025,IEEE Journal of Selected Topics in Applied Earth Observations and Remote Sensing,Taiwan,East-Asia,Subtropical,Mixed forest,Mountainous,Yes,Missing,10,HR,LiDAR+Optical,Yes,Machine-learning,kNN,No,8000,Local,Mg/ha,481.49
M418,S107,Mexico_NFI,Urbazaev et al. 2018,2018,Carbon Balance and Management,Mexico,South_America,Tropical,Mixed forest,Complex terrain,Yes,Missing,100,LR,Optical+SAR,Yes,Machine-learning,Cubist,No,4794,National,Mg/ha,34.57
M419,S107,Mexico_LiDAR_All,Urbazaev et al. 2018,2018,Carbon Balance and Management,Mexico,South_America,Tropical,Mixed forest,Complex terrain,Yes,Missing,100,LR,Optical+SAR,Yes,Machine-learning,Cubist,No,271216,National,Mg/ha,36.94
M420,S107,Mexico_LiDAR_50pct,Urbazaev et al. 2018,2018,Carbon Balance and Management,Mexico,South_America,Tropical,Mixed forest,Complex terrain,Yes,Missing,100,LR,Optical+SAR,Yes,Machine-learning,Cubist,Yes,68395,National,Mg/ha,35.27
M421,S108,Chenzhou,Yingchang Li et al. 2020,2020,Scientific Reports,China,East-Asia,Subtropical,Evergreen_forest,Mountainous,No,Missing,25.82,Fine,Optical+SAR,Yes,Statistical,Linear Regression,No,367,Regional,Mg/ha,29.98
M422,S108,Chenzhou,Yingchang Li et al. 2020,2020,Scientific Reports,China,East-Asia,Subtropical,Evergreen_forest,Mountainous,No,Missing,25.82,Fine,Optical+SAR,Yes,Machine-learning,Random Forest,No,367,Regional,Mg/ha,20.92
M423,S108,Chenzhou,Yingchang Li et al. 2020,2020,Scientific Reports,China,East-Asia,Subtropical,Evergreen_forest,Mountainous,No,Missing,25.82,Fine,Optical+SAR,Yes,Machine-learning,XGBoost,Yes,367,Regional,Mg/ha,18.92
M427,S110,Conghua,Zhang et al. 2019,2019,Remote Sensing,China,East-Asia,Subtropical,Mixed forest,Hilly,Yes,Missing,30,Medium,LiDAR+Optical,Yes,Machine-learning,kNN,No,177,Local,Mg/ha,19.965
M428,S110,Conghua,Zhang et al. 2019,2019,Remote Sensing,China,East-Asia,Subtropical,Mixed forest,Hilly,Yes,Missing,30,Medium,LiDAR+Optical,Yes,Machine-learning,Random Forest,No,177,Local,Mg/ha,17.534
M429,S110,Conghua,Zhang et al. 2019,2019,Remote Sensing,China,East-Asia,Subtropical,Mixed forest,Hilly,Yes,Missing,30,Medium,LiDAR+Optical,Yes,Machine-learning,SVR,No,177,Local,Mg/ha,18.751
M430,S110,Conghua,Zhang et al. 2019,2019,Remote Sensing,China,East-Asia,Subtropical,Mixed forest,Hilly,Yes,Missing,30,Medium,LiDAR+Optical,Yes,Deep-learning,SSAE,Yes,177,Local,Mg/ha,15.67
M431,S110,Conghua,Zhang et al. 2019,2019,Remote Sensing,China,East-Asia,Subtropical,Mixed forest,Hilly,Yes,Missing,30,Medium,LiDAR+Optical,Yes,Statistical,Linear Regression,No,177,Local,Mg/ha,21.062
M437,S112,Drew_County,Subedi & Zurqani 2026,2026,Advances in Space Research,USA,North-America,Subtropical,Mixed forest,Flat / Lowland,Yes,GEDI L4B,30,Medium,LiDAR+Optical,Yes,Machine-learning,Random Forest,Yes,5000,Regional,Mg/ha,34.85
M443,S113,Pantano_della_Zittola,Marino et al. 2024,2024,Ecological Informatics,Italy,Europe,Temperate,Shrubland,Plateau,No,Missing,10,Fine,Optical-only,No,Machine-learning,K means,No,28,Local,Mg/ha,1.01
M444,S113,Pantano_della_Zittola,Marino et al. 2024,2024,Ecological Informatics,Italy,Europe,Temperate,Shrubland,Plateau,No,Missing,10,Fine,Optical-only,No,Machine-learning,Random Forest,Yes,28,Local,Mg/ha,0.59
M445,S114,Lower_Brazos_River_Basin,Tikuye & Ray 2025,2025,Applied Computing and Geosciences,USA,North-America,Temperate,Mixed forest,Flat / Lowland,Yes,GEDI L4A,30,Medium,LiDAR+Optical,Yes,Statistical,MARS,No,,Watershed,Mg/ha,32.17
M446,S114,Lower_Brazos_River_Basin,Tikuye & Ray 2025,2025,Applied Computing and Geosciences,USA,North-America,Temperate,Mixed forest,Flat / Lowland,Yes,GEDI L4A,30,Medium,LiDAR+Optical,Yes,Machine-learning,Random Forest,No,,Watershed,Mg/ha,31.35
M447,S114,Lower_Brazos_River_Basin,Tikuye & Ray 2025,2025,Applied Computing and Geosciences,USA,North-America,Temperate,Mixed forest,Flat / Lowland,Yes,GEDI L4A,30,Medium,LiDAR+Optical,Yes,Machine-learning,XGBoost,Yes,,Watershed,Mg/ha,31.03
M448,S115,Zhejiang_Province,Li et al. 2024,2024,Environmental Modelling and Software,China,East-Asia,Subtropical,Mixed forest,Complex terrain,No,Missing,500,Medium,Optical-only,No,Machine-learning,XGBoost,No,254,Regional,Mg/ha,6.66
M449,S115,Zhejiang_Province,Li et al. 2024,2024,Environmental Modelling and Software,China,East-Asia,Subtropical,Mixed forest,Complex terrain,No,Missing,500,Medium,Optical-only,No,Machine-learning,XGBoost,No,254,Regional,Mg/ha,6.69
M450,S115,Zhejiang_Province,Li et al. 2024,2024,Environmental Modelling and Software,China,East-Asia,Subtropical,Mixed forest,Complex terrain,No,Missing,500,Medium,Optical-only,No,Machine-learning,XGBoost,No,254,Regional,Mg/ha,7.04
M451,S115,Zhejiang_Province,Li et al. 2024,2024,Environmental Modelling and Software,China,East-Asia,Subtropical,Mixed forest,Complex terrain,No,Missing,500,Medium,Optical-only,No,Machine-learning,XGBoost,Yes,254,Regional,Mg/ha,7.01
M452,S116,All_CMS_sites_California,Chopping et al. 2026,2026,Remote Sensing of Environment,USA,North-America,Temperate,Mixed forest,Mountainous,No,Missing,1000,Coarse,Optical-only,No,Statistical,BRDF model inversion,No,,Regional,Mg/ha,57.0
M453,S116,All_CMS_sites_California,Chopping et al. 2026,2026,Remote Sensing of Environment,USA,North-America,Temperate,Mixed forest,Mountainous,Yes,GEDI L4B,1000,Coarse,LiDAR-only,No,Statistical,GEDI L4B gridded,No,,Regional,Mg/ha,57.0
M454,S116,All_CMS_sites_California,Chopping et al. 2026,2026,Remote Sensing of Environment,USA,North-America,Temperate,Mixed forest,Mountainous,No,Missing,1000,Coarse,Optical-only,No,Statistical,BRDF model inversion,No,,Regional,Mg/ha,58.0
M455,S116,All_CMS_sites_California,Chopping et al. 2026,2026,Remote Sensing of Environment,USA,North-America,Temperate,Mixed forest,Mountainous,Yes,GEDI L4B,1000,Coarse,LiDAR-only,No,Statistical,GEDI L4B gridded,No,,Regional,Mg/ha,62.0
M456,S116,Sonoma_County_California,Chopping et al. 2026,2026,Remote Sensing of Environment,USA,North-America,Temperate,Mixed forest,Mountainous,No,Missing,1000,Coarse,Optical-only,No,Statistical,BRDF model inversion,No,,Regional,Mg/ha,58.0
M457,S116,Sonoma_County_California,Chopping et al. 2026,2026,Remote Sensing of Environment,USA,North-America,Temperate,Mixed forest,Mountainous,Yes,GEDI L4B,1000,Coarse,LiDAR-only,No,Statistical,GEDI L4B gridded,No,,Regional,Mg/ha,40.0
M458,S116,Sonoma_County_California,Chopping et al. 2026,2026,Remote Sensing of Environment,USA,North-America,Temperate,Mixed forest,Mountainous,No,Missing,1000,Coarse,Optical-only,No,Statistical,BRDF model inversion,No,,Regional,Mg/ha,58.0
M459,S116,Sonoma_County_California,Chopping et al. 2026,2026,Remote Sensing of Environment,USA,North-America,Temperate,Mixed forest,Mountainous,Yes,GEDI L4B,1000,Coarse,LiDAR-only,No,Statistical,GEDI L4B gridded,Yes,,Regional,Mg/ha,37.0
M460,S116,Sonoma_County_250m,Chopping et al. 2026,2026,Remote Sensing of Environment,USA,North-America,Temperate,Mixed forest,Mountainous,No,Missing,250,Medium,Optical-only,No,Statistical,BRDF model inversion,No,,Regional,Mg/ha,68.0
M461,S117,Jinsha_River_Basin,Ma et al. 2025,2025,Ecological Informatics,China,East-Asia,Subtropical,Mixed forest,Mountainous,Yes,Missing,100,Medium,LiDAR-only,No,Statistical,Lasso Regression,Yes,2036,Regional,Mg/ha,23.6
M465,S118,Jilin_Province,Chen et al. 2025,2025,International Journal of Applied Earth Observation and Geoinformation,China,East-Asia,Temperate,Mixed forest,Complex terrain,Yes,GEDI L2A,10,High,Optical+SAR+LiDAR,Yes,Deep-learning,MARSNet,Yes,85150,Regional,,2.82
M466,S118,Jilin_Province,Chen et al. 2025,2025,International Journal of Applied Earth Observation and Geoinformation,China,East-Asia,Temperate,Mixed forest,Complex terrain,Yes,GEDI L2A,10,High,Optical+SAR+LiDAR,Yes,Machine-learning,Random Forest,No,85150,Regional,,3.05
M467,S118,Jilin_Province,Chen et al. 2025,2025,International Journal of Applied Earth Observation and Geoinformation,China,East-Asia,Temperate,Mixed forest,Complex terrain,Yes,GEDI L2A,10,High,Optical+SAR+LiDAR,Yes,Deep-learning,ResNet101,No,85150,Regional,,3.21
M468,S118,Jilin_Province,Chen et al. 2025,2025,International Journal of Applied Earth Observation and Geoinformation,China,East-Asia,Temperate,Mixed forest,Complex terrain,Yes,GEDI L2A,10,High,Optical+SAR+LiDAR,Yes,Deep-learning,UNet,No,85150,Regional,,2.98
M469,S118,Jilin_Province,Chen et al. 2025,2025,International Journal of Applied Earth Observation and Geoinformation,China,East-Asia,Temperate,Mixed forest,Complex terrain,Yes,GEDI L2A,10,High,Optical+SAR+LiDAR,Yes,Deep-learning,CNN,No,85150,Regional,,3.32
M470,S118,Jilin_Province,Chen et al. 2025,2025,International Journal of Applied Earth Observation and Geoinformation,China,East-Asia,Temperate,Mixed forest,Complex terrain,Yes,GEDI L2A,10,High,Optical+SAR+LiDAR,Yes,Deep-learning,DeepLabv3,No,85150,Regional,,3.42
M482,S120,Tianzhu_County,Yang et al. 2026,2026,Ecological Informatics,China,East-Asia,Arid,Shrubland,Mountainous,No,Missing,30,Medium,Optical-only,No,Machine-learning,XGBoost,Yes,,Regional,Mg/ha,15.01
M483,S121,China_national,Zhang et al. 2025,2025,Forest Ecosystems,China,East-Asia,Temperate,Mixed forest,Complex terrain,No,Missing,30,Medium,Optical-only,Yes,Statistical,Logistic regression,No,,National,Mg/ha,16.96
M484,S121,China_national,Zhang et al. 2025,2025,Forest Ecosystems,China,East-Asia,Temperate,Mixed forest,Complex terrain,No,Missing,30,Medium,Optical-only,Yes,Statistical,Logistic regression,No,,National,Mg/ha,15.74
M485,S121,China_national,Zhang et al. 2025,2025,Forest Ecosystems,China,East-Asia,Temperate,Mixed forest,Complex terrain,No,Missing,30,Medium,Optical-only,Yes,Statistical,Logistic regression,No,,National,Mg/ha,7.49
M486,S121,China_national,Zhang et al. 2025,2025,Forest Ecosystems,China,East-Asia,Temperate,Mixed forest,Complex terrain,No,Missing,30,Medium,Optical-only,Yes,Statistical,Logistic regression,No,,National,Mg/ha,13.24
M487,S121,China_national,Zhang et al. 2025,2025,Forest Ecosystems,China,East-Asia,Temperate,Mixed forest,Complex terrain,No,Missing,30,Medium,Optical-only,Yes,Statistical,Logistic regression,No,,National,Mg/ha,9.49
M488,S121,China_national,Zhang et al. 2025,2025,Forest Ecosystems,China,East-Asia,Temperate,Mixed forest,Complex terrain,No,Missing,30,Medium,Optical-only,Yes,Statistical,Logistic regression,No,,National,Mg/ha,12.98
M489,S121,China_national,Zhang et al. 2025,2025,Forest Ecosystems,China,East-Asia,Temperate,Mixed forest,Complex terrain,No,Missing,30,Medium,Optical-only,Yes,Statistical,Logistic regression,No,,National,Mg/ha,16.09
M490,S121,China_national,Zhang et al. 2025,2025,Forest Ecosystems,China,East-Asia,Temperate,Mixed forest,Complex terrain,No,Missing,30,Medium,Optical-only,Yes,Statistical,Logistic regression,No,,National,Mg/ha,13.24
M491,S121,China_national,Zhang et al. 2025,2025,Forest Ecosystems,China,East-Asia,Temperate,Mixed forest,Complex terrain,No,Missing,30,Medium,Optical-only,Yes,Statistical,Logistic regression,Yes,,National,Mg/ha,4.93
M492,S122,Bawangling_TLR,Chen et al. 2026,2026,Ecological Indicators,China,East-Asia,Tropical,Evergreen_forest,Mountainous,No,Missing,15,High,Optical+SAR,Yes,Machine-learning,kNN,No,,Local,Mg/ha,44.393
M493,S122,Bawangling_TLR,Chen et al. 2026,2026,Ecological Indicators,China,East-Asia,Tropical,Evergreen_forest,Mountainous,No,Missing,15,High,Optical+SAR,Yes,Machine-learning,Multilayer Perceptron,No,,Local,Mg/ha,35.078
M494,S122,Bawangling_TLR,Chen et al. 2026,2026,Ecological Indicators,China,East-Asia,Tropical,Evergreen_forest,Mountainous,No,Missing,15,High,Optical+SAR,Yes,Statistical,Partial Least Squares,No,,Local,Mg/ha,28.714
M495,S122,Bawangling_TLR,Chen et al. 2026,2026,Ecological Indicators,China,East-Asia,Tropical,Evergreen_forest,Mountainous,No,Missing,15,High,Optical+SAR,Yes,Machine-learning,Gradient Boosted Decision Tree,No,,Local,Mg/ha,27.944
M496,S122,Bawangling_TLR,Chen et al. 2026,2026,Ecological Indicators,China,East-Asia,Tropical,Evergreen_forest,Mountainous,No,Missing,15,High,Optical+SAR,Yes,Machine-learning,Random Forest,No,,Local,Mg/ha,27.866
M497,S122,Bawangling_TLR,Chen et al. 2026,2026,Ecological Indicators,China,East-Asia,Tropical,Evergreen_forest,Mountainous,No,Missing,15,High,Optical+SAR,Yes,Machine-learning,XGBoost,Yes,,Local,Mg/ha,27.093
M498,S123,Great_Xingan_Mountains,Yang et al. 2025c,2025,Ecological Indicators,China,East-Asia,Temperate,Mixed forest,Mountainous,Yes,GEDI L4B,1000,Low,LiDAR+Optical,Yes,Machine-learning,kNN,No,76953,Regional,Mg/ha,24.38
M499,S123,Great_Xingan_Mountains,Yang et al. 2025c,2025,Ecological Indicators,China,East-Asia,Temperate,Mixed forest,Mountainous,Yes,GEDI L4B,1000,Low,LiDAR+Optical,Yes,Machine-learning,Artificial Neural Network (ANN),No,76953,Regional,Mg/ha,21.43
M500,S123,Great_Xingan_Mountains,Yang et al. 2025c,2025,Ecological Indicators,China,East-Asia,Temperate,Mixed forest,Mountainous,Yes,GEDI L4B,1000,Low,LiDAR+Optical,Yes,Machine-learning,CatBoost,No,76953,Regional,Mg/ha,17.49
M501,S123,Great_Xingan_Mountains,Yang et al. 2025c,2025,Ecological Indicators,China,East-Asia,Temperate,Mixed forest,Mountainous,Yes,GEDI L4B,1000,Low,LiDAR+Optical,Yes,Machine-learning,Extremely Randomized Trees,No,76953,Regional,Mg/ha,15.19
M502,S123,Great_Xingan_Mountains,Yang et al. 2025c,2025,Ecological Indicators,China,East-Asia,Temperate,Mixed forest,Mountainous,Yes,GEDI L4B,1000,Low,LiDAR+Optical,Yes,Machine-learning,Random Forest,No,76953,Regional,Mg/ha,15.23
M503,S123,Great_Xingan_Mountains,Yang et al. 2025c,2025,Ecological Indicators,China,East-Asia,Temperate,Mixed forest,Mountainous,Yes,GEDI L4B,1000,Low,LiDAR+Optical,Yes,Machine-learning,LightGBM,No,76953,Regional,Mg/ha,14.65
M504,S123,Great_Xingan_Mountains,Yang et al. 2025c,2025,Ecological Indicators,China,East-Asia,Temperate,Mixed forest,Mountainous,Yes,GEDI L4B,1000,Low,LiDAR+Optical,Yes,Machine-learning,XGBoost,No,76953,Regional,Mg/ha,14.22
M505,S123,Great_Xingan_Mountains,Yang et al. 2025c,2025,Ecological Indicators,China,East-Asia,Temperate,Mixed forest,Mountainous,Yes,GEDI L4B,1000,Low,LiDAR+Optical,Yes,Machine-learning,Stacking Ensemble,Yes,76953,Regional,Mg/ha,13.99
M506,S304,Mondah_Gabon,"Migolet et al. 2022. Estimation of the total dry aboveground biomass in the tropical forests of Congo Basin using optical, LiDAR, and radar data. GIScience & Remote Sensing, 59(1), 431-460.",2022,GIScience & Remote Sensing,Gabon,Central-Africa,Tropical,Mixed forest,Flat / Lowland,No,,1.5,Very-high,Optical+SAR+LiDAR,Yes,Statistical,MARS,No,45,Local,Mg/ha,134.95
M507,S304,Mondah_Gabon,"Migolet et al. 2022. Estimation of the total dry aboveground biomass in the tropical forests of Congo Basin using optical, LiDAR, and radar data. GIScience & Remote Sensing, 59(1), 431-460.",2022,GIScience & Remote Sensing,Gabon,Central-Africa,Tropical,Mixed forest,Flat / Lowland,No,,1.5,Very-high,Optical+SAR+LiDAR,Yes,Statistical,MARS,No,45,Local,Mg/ha,96.86
M508,S304,Mondah_Gabon,"Migolet et al. 2022. Estimation of the total dry aboveground biomass in the tropical forests of Congo Basin using optical, LiDAR, and radar data. GIScience & Remote Sensing, 59(1), 431-460.",2022,GIScience & Remote Sensing,Gabon,Central-Africa,Tropical,Mixed forest,Flat / Lowland,No,,1.5,Very-high,Optical+SAR+LiDAR,Yes,Statistical,MARS,No,45,Local,Mg/ha,86.7
M509,S304,Mondah_Gabon,"Migolet et al. 2022. Estimation of the total dry aboveground biomass in the tropical forests of Congo Basin using optical, LiDAR, and radar data. GIScience & Remote Sensing, 59(1), 431-460.",2022,GIScience & Remote Sensing,Gabon,Central-Africa,Tropical,Mixed forest,Flat / Lowland,No,,1.5,Very-high,Optical+SAR+LiDAR,Yes,Statistical,MARS,No,45,Local,Mg/ha,82.21
M510,S304,Mondah_Gabon,"Migolet et al. 2022. Estimation of the total dry aboveground biomass in the tropical forests of Congo Basin using optical, LiDAR, and radar data. GIScience & Remote Sensing, 59(1), 431-460.",2022,GIScience & Remote Sensing,Gabon,Central-Africa,Tropical,Mixed forest,Flat / Lowland,No,,1.5,Very-high,Optical+SAR+LiDAR,Yes,Statistical,MARS,No,45,Local,Mg/ha,120.42
M511,S304,Mondah_Gabon,"Migolet et al. 2022. Estimation of the total dry aboveground biomass in the tropical forests of Congo Basin using optical, LiDAR, and radar data. GIScience & Remote Sensing, 59(1), 431-460.",2022,GIScience & Remote Sensing,Gabon,Central-Africa,Tropical,Mixed forest,Flat / Lowland,No,,1.5,Very-high,Optical+SAR+LiDAR,Yes,Statistical,MARS,No,45,Local,Mg/ha,64.81
M512,S304,Mondah_Gabon,"Migolet et al. 2022. Estimation of the total dry aboveground biomass in the tropical forests of Congo Basin using optical, LiDAR, and radar data. GIScience & Remote Sensing, 59(1), 431-460.",2022,GIScience & Remote Sensing,Gabon,Central-Africa,Tropical,Mixed forest,Flat / Lowland,No,,1.5,Very-high,Optical+SAR+LiDAR,Yes,Statistical,MARS,No,45,Local,Mg/ha,45.23
M513,S304,Mondah_Gabon,"Migolet et al. 2022. Estimation of the total dry aboveground biomass in the tropical forests of Congo Basin using optical, LiDAR, and radar data. GIScience & Remote Sensing, 59(1), 431-460.",2022,GIScience & Remote Sensing,Gabon,Central-Africa,Tropical,Mixed forest,Flat / Lowland,No,,1.5,Very-high,Optical+SAR+LiDAR,Yes,Statistical,MARS,No,45,Local,Mg/ha,92.94
M514,S304,Mondah_Gabon,"Migolet et al. 2022. Estimation of the total dry aboveground biomass in the tropical forests of Congo Basin using optical, LiDAR, and radar data. GIScience & Remote Sensing, 59(1), 431-460.",2022,GIScience & Remote Sensing,Gabon,Central-Africa,Tropical,Mixed forest,Flat / Lowland,No,,1.5,Very-high,Optical+SAR+LiDAR,Yes,Statistical,MARS,No,45,Local,Mg/ha,88.89
M515,S304,Mondah_Gabon,"Migolet et al. 2022. Estimation of the total dry aboveground biomass in the tropical forests of Congo Basin using optical, LiDAR, and radar data. GIScience & Remote Sensing, 59(1), 431-460.",2022,GIScience & Remote Sensing,Gabon,Central-Africa,Tropical,Mixed forest,Flat / Lowland,No,,1.5,Very-high,Optical+SAR+LiDAR,Yes,Statistical,MARS,No,45,Local,Mg/ha,87.64
M516,S304,Mondah_Gabon,"Migolet et al. 2022. Estimation of the total dry aboveground biomass in the tropical forests of Congo Basin using optical, LiDAR, and radar data. GIScience & Remote Sensing, 59(1), 431-460.",2022,GIScience & Remote Sensing,Gabon,Central-Africa,Tropical,Mixed forest,Flat / Lowland,No,,1.5,Very-high,Optical+SAR+LiDAR,Yes,Statistical,MARS,No,45,Local,Mg/ha,52.61
M517,S304,Mondah_Gabon,"Migolet et al. 2022. Estimation of the total dry aboveground biomass in the tropical forests of Congo Basin using optical, LiDAR, and radar data. GIScience & Remote Sensing, 59(1), 431-460.",2022,GIScience & Remote Sensing,Gabon,Central-Africa,Tropical,Mixed forest,Flat / Lowland,No,,1.5,Very-high,Optical+SAR+LiDAR,Yes,Statistical,MARS,No,45,Local,Mg/ha,39.22
M518,S304,Mondah_Gabon,"Migolet et al. 2022. Estimation of the total dry aboveground biomass in the tropical forests of Congo Basin using optical, LiDAR, and radar data. GIScience & Remote Sensing, 59(1), 431-460.",2022,GIScience & Remote Sensing,Gabon,Central-Africa,Tropical,Mixed forest,Flat / Lowland,No,,1.5,Very-high,Optical+SAR+LiDAR,Yes,Statistical,MARS,No,45,Local,Mg/ha,39.39
M519,S304,Mondah_Gabon,"Migolet et al. 2022. Estimation of the total dry aboveground biomass in the tropical forests of Congo Basin using optical, LiDAR, and radar data. GIScience & Remote Sensing, 59(1), 431-460.",2022,GIScience & Remote Sensing,Gabon,Central-Africa,Tropical,Mixed forest,Flat / Lowland,No,,1.5,Very-high,Optical+SAR+LiDAR,Yes,Statistical,MARS,Yes,45,Local,Mg/ha,38.62
M520,S305,Betul,"Rodda et al. 2024. LiDAR-based reference aboveground biomass maps for tropical forests of South Asia and Central Africa. Scientific Data, 11, 334.",2024,Scientific Data,India,South-Asia,Tropical,Deciduous forest,Hilly,No,,100,Medium,LiDAR-only,No,Statistical,Linear Regression,Yes,34,Local,Mg/ha,12.85
M521,S305,Achanakmar,"Rodda et al. 2024. LiDAR-based reference aboveground biomass maps for tropical forests of South Asia and Central Africa. Scientific Data, 11, 334.",2024,Scientific Data,India,South-Asia,Tropical,Mixed forest,Hilly,No,,100,Medium,LiDAR-only,No,Statistical,Linear Regression,Yes,16,Local,Mg/ha,27.05
M522,S305,Yellapur,"Rodda et al. 2024. LiDAR-based reference aboveground biomass maps for tropical forests of South Asia and Central Africa. Scientific Data, 11, 334.",2024,Scientific Data,India,South-Asia,Tropical,Mixed forest,Hilly,No,,100,Medium,LiDAR-only,No,Statistical,Linear Regression,Yes,15,Local,Mg/ha,36.27
M523,S305,Uppangala,"Rodda et al. 2024. LiDAR-based reference aboveground biomass maps for tropical forests of South Asia and Central Africa. Scientific Data, 11, 334.",2024,Scientific Data,India,South-Asia,Tropical,Tropical moist forest,Hilly,No,,100,Medium,LiDAR-only,No,Statistical,Linear Regression,Yes,23,Local,Mg/ha,100.44
M524,S305,Khaoyai,"Rodda et al. 2024. LiDAR-based reference aboveground biomass maps for tropical forests of South Asia and Central Africa. Scientific Data, 11, 334.",2024,Scientific Data,Thailand,South-Asia,Tropical,Tropical moist forest,Hilly,No,,100,Medium,LiDAR-only,No,Statistical,Linear Regression,Yes,31,Local,Mg/ha,37.4
M525,S305,Nachtigal,"Rodda et al. 2024. LiDAR-based reference aboveground biomass maps for tropical forests of South Asia and Central Africa. Scientific Data, 11, 334.",2024,Scientific Data,Cameroon,Central-Africa,Tropical,Mixed forest,Hilly,No,,100,Medium,LiDAR-only,No,Statistical,Linear Regression,Yes,11,Local,Mg/ha,60.49
M526,S305,Cameroon_regional,"Rodda et al. 2024. LiDAR-based reference aboveground biomass maps for tropical forests of South Asia and Central Africa. Scientific Data, 11, 334.",2024,Scientific Data,Cameroon,Central-Africa,Tropical,Tropical moist forest,Hilly,No,,100,Medium,LiDAR-only,No,Statistical,Linear Regression,Yes,27,Regional,Mg/ha,56.36
M527,S305,MabouniÃ©,"Rodda et al. 2024. LiDAR-based reference aboveground biomass maps for tropical forests of South Asia and Central Africa. Scientific Data, 11, 334.",2024,Scientific Data,Gabon,Central-Africa,Tropical,Tropical moist forest,Flat / Lowland,No,,100,Medium,LiDAR-only,No,Statistical,Linear Regression,Yes,11,Local,Mg/ha,37.47
M528,S305,Rabi,"Rodda et al. 2024. LiDAR-based reference aboveground biomass maps for tropical forests of South Asia and Central Africa. Scientific Data, 11, 334.",2024,Scientific Data,Gabon,Central-Africa,Tropical,Tropical moist forest,Flat / Lowland,No,,100,Medium,LiDAR-only,No,Statistical,Linear Regression,Yes,25,Local,Mg/ha,46.11
M529,S306,African_dense_forests,"Wan et al. 2025. Satellite-based mapping of annual canopy height and aboveground biomass in African dense forests. Frontiers in Remote Sensing, 6, 1724950.",2025,Frontiers in Remote Sensing,Multiple,Central-Africa,Tropical,Tropical moist forest,Flat / Lowland,Yes,GEDI L2A,30,Medium,Optical+SAR+LiDAR,Yes,Statistical,Nonlinear Regression,No,,Multi-country,Mg/ha,100.91
M530,S306,African_dense_forests,"Wan et al. 2025. Satellite-based mapping of annual canopy height and aboveground biomass in African dense forests. Frontiers in Remote Sensing, 6, 1724950.",2025,Frontiers in Remote Sensing,Multiple,Central-Africa,Tropical,Tropical moist forest,Flat / Lowland,Yes,GEDI L2A,30,Medium,Optical+SAR+LiDAR,Yes,Statistical,Nonlinear Regression,Yes,,Multi-country,Mg/ha,98.89
M531,S306,African_dense_forests,"Wan et al. 2025. Satellite-based mapping of annual canopy height and aboveground biomass in African dense forests. Frontiers in Remote Sensing, 6, 1724950.",2025,Frontiers in Remote Sensing,Multiple,Central-Africa,Tropical,Tropical moist forest,Flat / Lowland,Yes,GEDI L2A,30,Medium,Optical+SAR+LiDAR,Yes,Machine-learning,XGBoost,No,,Multi-country,Mg/ha,71.59
M532,S306,African_dense_forests,"Wan et al. 2025. Satellite-based mapping of annual canopy height and aboveground biomass in African dense forests. Frontiers in Remote Sensing, 6, 1724950.",2025,Frontiers in Remote Sensing,Multiple,Central-Africa,Tropical,Tropical moist forest,Flat / Lowland,Yes,GEDI L2A,30,Medium,Optical+SAR+LiDAR,Yes,Machine-learning,XGBoost,No,,Multi-country,Mg/ha,71.49
M534,S307,DRC_All_plots,"Lamulamu et al. 2022. Assessing the Predictive Power of Democratic Republic of Congo's National Spaceborne Biomass Map over Independent Test Samples. Remote Sensing, 14, 4126.",2022,Remote Sensing,Democratic Republic of Congo,Central-Africa,Tropical,Mixed forest,Complex terrain,No,,100,Medium,Optical+SAR+LiDAR,Yes,Statistical,Nonlinear Regression,Yes,92,National,Mg/ha,103.6
M535,S307,DRC_Humid_forests,"Lamulamu et al. 2022. Assessing the Predictive Power of Democratic Republic of Congo's National Spaceborne Biomass Map over Independent Test Samples. Remote Sensing, 14, 4126.",2022,Remote Sensing,Democratic Republic of Congo,Central-Africa,Tropical,Tropical moist forest,Complex terrain,No,,100,Medium,Optical+SAR+LiDAR,Yes,Statistical,Nonlinear Regression,No,92,National,Mg/ha,110.5
M536,S307,DRC_Swamp_forests,"Lamulamu et al. 2022. Assessing the Predictive Power of Democratic Republic of Congo's National Spaceborne Biomass Map over Independent Test Samples. Remote Sensing, 14, 4126.",2022,Remote Sensing,Democratic Republic of Congo,Central-Africa,Tropical,Mixed forest,Complex terrain,No,,100,Medium,Optical+SAR+LiDAR,Yes,Statistical,Nonlinear Regression,No,92,National,Mg/ha,113.3
M537,S307,DRC_Woodland_savanna,"Lamulamu et al. 2022. Assessing the Predictive Power of Democratic Republic of Congo's National Spaceborne Biomass Map over Independent Test Samples. Remote Sensing, 14, 4126.",2022,Remote Sensing,Democratic Republic of Congo,Central-Africa,Tropical,Shrubland,Complex terrain,No,,100,Medium,Optical+SAR+LiDAR,Yes,Statistical,Nonlinear Regression,No,92,National,Mg/ha,54.4
