Obs_ID,Study_ID,Site_Name,Reference,Year,Journal,Country,Region,Climate_zone,Forest_type,Terrain_type,GEDI_used,GEDI_product,GEDI_metrics,Spatial_resolution_m,Resolution_class,Spatial_resol_ID,Sensor_combination,Data_fusion,Model_category,Model_algorithm,Model_comparison,Best_model,Training_samples,Study_scale,R2,r,Fisher_Z,r_check,R2_check,vi
M1,S1,Betul,Indirabai & Nilsson 2024,2024,Ecological Informatics,India,South-Asia,Tropical,Deciduous forest,Hilly,Yes,GEDI Multi-level,RH metrics,100.0,Medium,30 â 100 m,LiDAR+Optical,Yes,Statistical,Linear Regression,Yes,Yes,112.0,Local,0.88,0.938083152,1.721831187,0.9381,0.88,0.009174
M2,S1,Mudumalai,Indirabai & Nilsson 2024,2024,Ecological Informatics,India,South-Asia,Tropical,Deciduous forest,Hilly,Yes,GEDI Multi-level,RH metrics,100.0,Medium,30 â 100 m,LiDAR+Optical,Yes,Statistical,Linear Regression,Yes,No,52.0,Local,0.79,0.888819442,1.416275874,0.8888,0.79,0.020408
M3,S2,GB-AJK-Mountain,Nazir et al. 2025,2025,Forest Ecology and Management,Pakistan,South-Asia,Temperate,Mixed forest,Mountainous,Yes,GEDI L4A,RH metrics,25.0,Very-high,5 â 30 m,LiDAR-only,No,Statistical,Linear Regression,Yes,No,540.0,Regional,0.5,0.707106781,0.881373587,0.7071,0.5,0.001862
M4,S2,GB-AJK-Mountain,Nazir et al. 2025,2025,Forest Ecology and Management,Pakistan,South-Asia,Temperate,Mixed forest,Mountainous,Yes,GEDI L2A,RH metrics,25.0,Very-high,5 â 30 m,LiDAR-only,No,Statistical,Linear Regression,Yes,Yes,540.0,Regional,0.82,0.905538514,1.502163867,0.9055,0.82,0.001862
M5,S2,Mangrove-Pakistan,Nazir et al. 2025,2025,Forest Ecology and Management,Pakistan,South-Asia,Tropical,Mangrove,Coastal,Yes,GEDI L4A,RH metrics,25.0,Very-high,5 â 30 m,LiDAR-only,No,Statistical,Linear Regression,Yes,No,54.0,Regional,0.61,0.781024968,1.047993293,0.781,0.61,0.019608
M6,S2,Mangrove-Pakistan,Nazir et al. 2025,2025,Forest Ecology and Management,Pakistan,South-Asia,Tropical,Mangrove,Coastal,Yes,GEDI L2A,RH metrics,25.0,Very-high,5 â 30 m,LiDAR-only,No,Statistical,Linear Regression,Yes,Yes,54.0,Regional,0.79,0.888819442,1.416275874,0.8888,0.79,0.019608
M12,S4,Lope-Gabon,Liu et al. 2024,2024,International Journal of Remote Sensing,Gabon,Central-Africa,Tropical,Tropical moist forest,Mountainous,Yes,GEDI Multi-level,RH metrics,50.0,Medium,30 â 100 m,SAR+LiDAR,Yes,Machine-learning,Random Forest,Yes,Yes,745.0,Local,0.45,0.670820393,0.81223326,0.6708,0.45,0.001348
M13,S4,Mondah-Gabon,Liu et al. 2024,2024,International Journal of Remote Sensing,Gabon,Central-Africa,Tropical,Tropical moist forest,Flat / Lowland,Yes,GEDI Multi-level,RH metrics,50.0,Medium,30 â 100 m,SAR+LiDAR,Yes,Machine-learning,Random Forest,Yes,Yes,314.0,Local,0.6,0.774596669,1.031718534,0.7746,0.6,0.003215
M14,S5,Xinping-County,Yang et al. 2025a,2025,IEEE Journal of Selected Topics in Applied Earth Observations and Remote Sensing,China,East-Asia,Temperate,Mixed forest,Mountainous,Yes,GEDI L2B,PAI/LAI + Waveform + Gap-fraction,25.0,Fine,5 â 30 m,LiDAR-only,No,Machine-learning,Random Forest,Yes,No,34.0,Regional,0.86,0.92736185,1.639208579,0.9274,0.86,0.032258
M15,S5,Xinping-County,Yang et al. 2025a,2025,IEEE Journal of Selected Topics in Applied Earth Observations and Remote Sensing,China,East-Asia,Temperate,Mixed forest,Mountainous,Yes,GEDI L2B,PAI/LAI + Waveform + Gap-fraction,25.0,Fine,5 â 30 m,LiDAR-only,No,Machine-learning,SVM,Yes,No,34.0,Regional,0.5,0.707106781,0.881373587,0.7071,0.5,0.032258
M16,S5,Xinping-County,Yang et al. 2025a,2025,IEEE Journal of Selected Topics in Applied Earth Observations and Remote Sensing,China,East-Asia,Temperate,Mixed forest,Mountainous,Yes,GEDI L2B,PAI/LAI + Waveform + Gap-fraction,25.0,Fine,5 â 30 m,LiDAR-only,No,Machine-learning,Stacking Ensemble,Yes,Yes,34.0,Regional,0.93,0.964365076,2.004799095,0.9644,0.93,0.032258
M19,S7,India-forest-region,Mohite et al. 2024,2024,International Journal of Remote Sensing,India,South-Asia,Tropical,Mixed forest,Complex terrain,Yes,GEDI L4A,RH metrics,100.0,Medium,30 â 100 m,Optical+SAR+LiDAR,Yes,Machine-learning,Random Forest,No,Yes,,National,0.64,0.8,1.098612289,0.8,0.64,
M31,S10,Lope-Gabon,Choi et al. 2023,2023,IEEE Journal of Selected Topics in Applied Earth Observations and Remote Sensing,Gabon,Central-Africa,Tropical,Mixed forest,Hilly,Yes,GEDI Multi-level,RH + Waveform,100.0,Low,30 â 100 m,LiDAR-only,No,Statistical,Allometric Model,Yes,No,,Local,0.834,0.913236005,1.546679797,0.9132,0.834,
M32,S10,Lope-Gabon,Choi et al. 2023,2023,IEEE Journal of Selected Topics in Applied Earth Observations and Remote Sensing,Gabon,Central-Africa,Tropical,Mixed forest,Hilly,Yes,GEDI Multi-level,RH + Waveform,100.0,Low,30 â 100 m,LiDAR-only,No,Statistical,Allometric Model,Yes,No,,Local,0.845,0.919238816,1.584093738,0.9192,0.845,
M33,S10,Lope-Gabon,Choi et al. 2023,2023,IEEE Journal of Selected Topics in Applied Earth Observations and Remote Sensing,Gabon,Central-Africa,Tropical,Mixed forest,Hilly,Yes,GEDI Multi-level,RH + Waveform,100.0,Low,30 â 100 m,SAR+LiDAR,Yes,Statistical,Allometric Model,Yes,No,,Local,0.442,0.664830806,0.801421658,0.6648,0.442,
M34,S10,Lope-Gabon,Choi et al. 2023,2023,IEEE Journal of Selected Topics in Applied Earth Observations and Remote Sensing,Gabon,Central-Africa,Tropical,Mixed forest,Hilly,Yes,GEDI Multi-level,RH + Waveform,100.0,Low,30 â 100 m,SAR+LiDAR,Yes,Statistical,Allometric Model,Yes,Yes,,Local,0.46,0.678232998,0.825834523,0.6782,0.46,
M47,S12,Haldwani-TCFD,Musthafa & Singh 2022,2022,Advances in Space Research,India,South-Asia,Subtropical,Plantation,Hilly,Yes,GEDI L2A,RH metrics,25.0,Fine,5 â 30 m,LiDAR-only,No,Statistical,Multiple Linear Regression,Yes,No,34.0,Local,0.69,0.830662386,1.190269352,0.8307,0.69,0.032258
M48,S12,Haldwani-TCFD,Musthafa & Singh 2022,2022,Advances in Space Research,India,South-Asia,Subtropical,Plantation,Hilly,Yes,GEDI L2A,RH metrics,25.0,Fine,5 â 30 m,LiDAR-only,No,Statistical,Multiple Linear Regression,Yes,No,34.0,Local,0.69,0.830662386,1.190269352,0.8307,0.69,0.032258
M49,S12,Haldwani-TCFD,Musthafa & Singh 2022,2022,Advances in Space Research,India,South-Asia,Subtropical,Plantation,Hilly,Yes,GEDI L2A,RH metrics,25.0,Fine,5 â 30 m,LiDAR-only,No,Statistical,Multiple Linear Regression,Yes,No,34.0,Local,0.74,0.860232527,1.294238318,0.8602,0.74,0.032258
M50,S12,Haldwani-TCFD,Musthafa & Singh 2022,2022,Advances in Space Research,India,South-Asia,Subtropical,Plantation,Hilly,Yes,GEDI L2A,RH metrics,25.0,Fine,5 â 30 m,LiDAR-only,No,Statistical,Multiple Linear Regression,Yes,Yes,34.0,Local,0.75,0.866025404,1.316957897,0.866,0.75,0.032258
M51,S13,Heihe-River-Basin,Tian et al. 2012,2012,International Journal of Applied Earth Observation and Geoinformation,China,East-Asia,Arid,Shrubland,Mountainous,No,Missing,,20.0,Fine,5 â 30 m,Optical-only,No,Machine-learning,kNN,Yes,No,75.0,Local,0.69,0.830662386,1.190269352,0.8307,0.69,0.013889
M52,S13,Heihe-River-Basin,Tian et al. 2012,2012,International Journal of Applied Earth Observation and Geoinformation,China,East-Asia,Arid,Shrubland,Mountainous,No,Missing,,20.0,Fine,5 â 30 m,Optical+SAR,No,Statistical,Linear Regression,Yes,No,38.0,Local,0.56,0.748331477,0.969152168,0.7483,0.56,0.028571
M53,S13,Heihe-River-Basin,Tian et al. 2012,2012,International Journal of Applied Earth Observation and Geoinformation,China,East-Asia,Arid,Shrubland,Mountainous,No,Missing,,20.0,Fine,5 â 30 m,LiDAR-only,No,Statistical,Linear Regression,Yes,Yes,50.0,Local,0.84,0.916515139,1.566799237,0.9165,0.84,0.021277
M54,S14,Wangyedian-forest-farm,Jiang et al. 2022,2022,Remote Sensing,China,East-Asia,Temperate,Coniferous forest,Mountainous,No,Missing,,30.0,Medium,5 â 30 m,Optical-only,No,Statistical,Multiple Linear Regression,Yes,No,62.0,Local,0.17,0.412310563,0.438391849,0.4123,0.17,0.016949
M55,S14,Wangyedian-forest-farm,Jiang et al. 2022,2022,Remote Sensing,China,East-Asia,Temperate,Coniferous forest,Mountainous,No,Missing,,30.0,Medium,5 â 30 m,Optical-only,No,Machine-learning,SVM,Yes,No,62.0,Local,0.34,0.583095189,0.667139633,0.5831,0.34,0.016949
M56,S14,Wangyedian-forest-farm,Jiang et al. 2022,2022,Remote Sensing,China,East-Asia,Temperate,Coniferous forest,Mountainous,No,Missing,,30.0,Medium,5 â 30 m,Optical-only,No,Deep-learning,Backpropagation Neural Network,Yes,No,62.0,Local,0.32,0.565685425,0.64115494,0.5657,0.32,0.016949
M57,S14,Wangyedian-forest-farm,Jiang et al. 2022,2022,Remote Sensing,China,East-Asia,Temperate,Coniferous forest,Mountainous,No,Missing,,30.0,Medium,5 â 30 m,Optical-only,No,Machine-learning,Random Forest,Yes,Yes,62.0,Local,0.54,0.734846923,0.939183575,0.7348,0.54,0.016949
M58,S14,Wangyedian-forest-farm,Jiang et al. 2022,2022,Remote Sensing,China,East-Asia,Temperate,Coniferous forest,Mountainous,No,Missing,,30.0,Medium,5 â 30 m,Optical-only,No,Statistical,Regression Kriging,Yes,Yes,62.0,Local,0.87,0.932737905,1.679048016,0.9327,0.87,0.016949
M111,S27,Chobe-National-Park,David et al. 2022,2022,Remote Sensing of Environment,Botswana,South-Africa,Arid,Shrubland,Flat / Lowland,No,Missing,,10.0,Fine,5 â 30 m,Optical+SAR,Yes,Statistical,Multiple Linear Regression,Yes,No,71.0,Local,0.82,0.905538514,1.502163867,0.9055,0.82,0.014706
M112,S27,Chobe-National-Park,David et al. 2022,2022,Remote Sensing of Environment,Botswana,South-Africa,Arid,Shrubland,Flat / Lowland,No,Missing,,10.0,Fine,5 â 30 m,Optical+SAR,Yes,Machine-learning,Random Forest,Yes,Yes,71.0,Local,0.95,0.974679434,2.17827221,0.9747,0.95,0.014706
M117,S29,Huangfengqiao-Forest-Farm,Li et al. 2021,2021,Remote Sensing,China,East-Asia,Subtropical,Plantation,Mountainous,No,Missing,,10.0,Fine,5 â 30 m,Optical-only,Yes,Machine-learning,Stacking Ensemble,Yes,Yes,50.0,Local,0.63,0.793725393,1.081420819,0.7937,0.63,0.021277
M126,S33,TGR-China,Khan et al. 2024,2024,Geocarto International,China,East-Asia,Subtropical,Evergreen_forest,Mountainous,Yes,GEDI L4B,GEDI Biomass (AGBD),1000.0,Coarse,> 500 m,Optical+SAR+LiDAR,Yes,Machine-learning,Random Forest,No,Yes,37456.0,Regional,0.92,0.959166305,1.93538335,0.9592,0.92,2.7e-05
M127,S33,TGR-China,Khan et al. 2024,2024,Geocarto International,China,East-Asia,Subtropical,Evergreen_forest,Mountainous,Yes,GEDI L4B,GEDI Biomass (AGBD),1000.0,Coarse,> 500 m,Optical+SAR+LiDAR,Yes,Machine-learning,Random Forest,No,No,12291.0,Regional,0.79,0.888819442,1.416275874,0.8888,0.79,8.1e-05
M132,S97,TCFD-Haldwani,Padalia et al. 2023,2023,Ecological Informatics,India,South-Asia,Tropical,Plantation,Flat / Lowland,Yes,GEDI Multi-level,RH + PAI/LAI + Structure,25.0,Fine,5 â 30 m,LiDAR-only,No,Machine-learning,Random Forest,Yes,No,25.0,Local,0.91,0.953939201,1.873820243,0.9539,0.91,0.045455
M133,S97,TCFD-Haldwani,Padalia et al. 2023,2023,Ecological Informatics,India,South-Asia,Tropical,Plantation,Flat / Lowland,Yes,GEDI Multi-level,RH + PAI/LAI + Structure,10.0,Fine,5 â 30 m,SAR-only,No,Machine-learning,Random Forest,Yes,No,,Local,0.61,0.781024968,1.047993293,0.781,0.61,
M134,S97,TCFD-Haldwani,Padalia et al. 2023,2023,Ecological Informatics,India,South-Asia,Tropical,Plantation,Flat / Lowland,Yes,GEDI Multi-level,RH + Canopy height,30.0,Medium,5 â 30 m,Optical+SAR+LiDAR,Yes,Machine-learning,Random Forest,Yes,Yes,,Local,0.77,0.877496439,1.364777193,0.8775,0.77,
M141,S36,Guangxi-Forests,Fan et al. 2024,2024,Remote Sensing,China,East-Asia,Subtropical,Plantation,Complex terrain,No,Missing,,30.0,Medium,5 â 30 m,Optical-only,No,Statistical,Stepwise regression,Yes,No,68.0,Local,0.44,0.663324958,0.798727833,0.6633,0.44,0.015385
M142,S36,Guangxi-Forests,Fan et al. 2024,2024,Remote Sensing,China,East-Asia,Subtropical,Plantation,Complex terrain,No,Missing,,30.0,Medium,5 â 30 m,Optical-only,No,Machine-learning,Boosting Trees,Yes,No,68.0,Local,0.49,0.7,0.867300528,0.7,0.49,0.015385
M143,S36,Guangxi-Forests,Fan et al. 2024,2024,Remote Sensing,China,East-Asia,Subtropical,Plantation,Complex terrain,No,Missing,,30.0,Medium,5 â 30 m,Optical-only,No,Machine-learning,SVM,Yes,No,68.0,Local,0.42,0.64807407,0.771970963,0.6481,0.42,0.015385
M144,S36,Guangxi-Forests,Fan et al. 2024,2024,Remote Sensing,China,East-Asia,Subtropical,Plantation,Complex terrain,No,Missing,,30.0,Medium,5 â 30 m,Optical-only,No,Machine-learning,Bagging,Yes,No,68.0,Local,0.52,0.721110255,0.909954167,0.7211,0.52,0.015385
M145,S36,Guangxi-Forests,Fan et al. 2024,2024,Remote Sensing,China,East-Asia,Subtropical,Plantation,Complex terrain,No,Missing,,30.0,Medium,5 â 30 m,LiDAR+Optical,Yes,Statistical,Stepwise regression,Yes,No,68.0,Local,0.78,0.883176087,1.390023625,0.8832,0.78,0.015385
M146,S36,Guangxi-Forests,Fan et al. 2024,2024,Remote Sensing,China,East-Asia,Subtropical,Plantation,Complex terrain,No,Missing,,30.0,Medium,5 â 30 m,LiDAR+Optical,Yes,Machine-learning,Boosting Trees,Yes,No,68.0,Local,0.74,0.860232527,1.294238318,0.8602,0.74,0.015385
M147,S36,Guangxi-Forests,Fan et al. 2024,2024,Remote Sensing,China,East-Asia,Subtropical,Plantation,Complex terrain,No,Missing,,30.0,Medium,5 â 30 m,LiDAR+Optical,Yes,Machine-learning,SVM,Yes,No,68.0,Local,0.65,0.806225775,1.116150523,0.8062,0.65,0.015385
M148,S36,Guangxi-Forests,Fan et al. 2024,2024,Remote Sensing,China,East-Asia,Subtropical,Plantation,Complex terrain,No,Missing,,30.0,Medium,5 â 30 m,LiDAR+Optical,Yes,Machine-learning,Bagging,Yes,No,68.0,Local,0.7,0.836660027,1.209935121,0.8367,0.7,0.015385
M149,S36,Guangxi-Forests,Fan et al. 2024,2024,Remote Sensing,China,East-Asia,Subtropical,Plantation,Complex terrain,No,Missing,,1.0,Fine,1 â 5 m,LiDAR+Optical,Yes,Statistical,Stepwise regression,Yes,Yes,68.0,Local,0.82,0.905538514,1.502163867,0.9055,0.82,0.015385
M150,S37,Sierra-National-Forest,Anaya et al. 2009,2009,Remote Sensing of Environment,USA,North-America,Temperate,Coniferous forest,Mountainous,No,Missing,,30.0,Medium,5 â 30 m,LiDAR+Optical,Yes,Machine-learning,SVM,Yes,No,,Local,0.67,0.818535277,1.152362697,0.8185,0.67,
M151,S37,Sierra-National-Forest,Anaya et al. 2009,2009,Remote Sensing of Environment,USA,North-America,Temperate,Coniferous forest,Mountainous,No,Missing,,30.0,Medium,5 â 30 m,LiDAR+Optical,Yes,Statistical,Linear Regression,Yes,No,,Local,0.71,0.842614977,1.230122924,0.8426,0.71,
M152,S37,Sierra-National-Forest,Anaya et al. 2009,2009,Remote Sensing of Environment,USA,North-America,Temperate,Coniferous forest,Mountainous,No,Missing,,30.0,Medium,5 â 30 m,LiDAR+Optical,Yes,Statistical,Exponential Regression,Yes,No,,Local,0.77,0.877496439,1.364777193,0.8775,0.77,
M153,S37,Sierra-National-Forest,Anaya et al. 2009,2009,Remote Sensing of Environment,USA,North-America,Temperate,Coniferous forest,Mountainous,No,Missing,,30.0,Medium,5 â 30 m,LiDAR+Optical,Yes,Machine-learning,Artificial Neural Network (ANN),Yes,Yes,,Local,0.81,0.9,1.47221949,0.9,0.81,
M154,S38,Noor-forest-regions,Moghimi et al. 2024,2024,Kuwait Journal of Science,Iran,East-Asia,Subtropical,Mixed forest,Flat / Lowland,No,Missing,,10.0,Fine,5 â 30 m,Optical+SAR,Yes,Machine-learning,Random Forest,Yes,Yes,260.0,Local,0.77,0.877496439,1.364777193,0.8775,0.77,0.003891
M155,S38,Noor-forest-regions,Moghimi et al. 2024,2024,Kuwait Journal of Science,Iran,East-Asia,Subtropical,Mixed forest,Flat / Lowland,No,Missing,,10.0,Fine,5 â 30 m,Optical+SAR,Yes,Statistical,Linear Regression,Yes,No,260.0,Local,0.69,0.830662386,1.190269352,0.8307,0.69,0.003891
M156,S39,Dry-Chaco,Potzschner et al. 2022,2022,Remote Sensing of Environment,Multiple,South-America,Tropical,Dry forest,Flat / Lowland,Yes,GEDI Derived Product,Canopy height,231.0,Medium,100 â 500 m,Optical+SAR+LiDAR,Yes,Machine-learning,Gradient Boosting,Yes,Yes,205.0,Multi-country,0.89,0.943398113,1.768075502,0.9434,0.89,0.00495
M157,S40,Tropical-Africa,Baccini et al. 2008,2008,Environmental Research Letters,Multiple,Central-Africa,Tropical,Mixed forest,Complex terrain,No,Missing,,1000.0,Coarse,> 500 m,LiDAR+Optical,Yes,Machine-learning,Random Forest,Yes,Yes,1445.0,Multi-country,0.82,0.905538514,1.502163867,0.9055,0.82,0.000693
M158,S41,Qinghai-Plantation,Tao et al. 2024,2024,International Journal of Applied Earth Observation and Geoinformation,China,East-Asia,Temperate,Plantation,Plateau,No,Missing,,10.0,Fine,5 â 30 m,LiDAR+Optical,Yes,Machine-learning,Random Forest,Yes,Yes,100.0,Local,0.639,0.799374756,1.096877907,0.7994,0.639,0.010309
M159,S41,Qinghai-Plantation,Tao et al. 2024,2024,International Journal of Applied Earth Observation and Geoinformation,China,East-Asia,Temperate,Plantation,Plateau,No,Missing,,10.0,Fine,5 â 30 m,LiDAR+Optical,Yes,Machine-learning,XGBoost,Yes,No,100.0,Local,0.669,0.817924202,1.150513754,0.8179,0.669,0.010309
M160,S42,Loveh-forest-Iran,Attarchi & Gloaguen 2014,2014,Remote Sensing,Iran,East-Asia,Temperate,Deciduous forest,Mountainous,No,Missing,,30.0,Medium,5 â 30 m,Optical+SAR,Yes,Statistical,Multiple Linear Regression,Yes,Yes,69.0,Local,0.76,0.871779789,1.340447915,0.8718,0.76,0.015152
M161,S42,Loveh-forest-Iran,Attarchi & Gloaguen 2014,2014,Remote Sensing,Iran,East-Asia,Temperate,Deciduous forest,Mountainous,No,Missing,,30.0,Medium,5 â 30 m,Optical-only,No,Statistical,Multiple Linear Regression,Yes,No,69.0,Local,0.59,0.768114575,1.015712827,0.7681,0.59,0.015152
M164,S44,Bhitarkanika-mangroves,Sanam et al. 2024,2024,Journal of the Indian Society of Remote Sensing,India,South-Asia,Tropical,Mangrove,Coastal,No,Missing,,10.0,Fine,5 â 30 m,LiDAR+Optical,Yes,Statistical,Multiple Linear Regression,Yes,Yes,42.0,Local,0.7,0.836660027,1.209935121,0.8367,0.7,0.025641
M165,S45,Shivamogga-forest,Musthafa and Singh 2022,2022,Frontiers in Forests and Global Change,India,South-Asia,Tropical,Mixed forest,Hilly,Yes,GEDI L2A,RH metrics,30.0,Fine,5 â 30 m,SAR+LiDAR,Yes,Machine-learning,Random Forest,Yes,Yes,103.0,Local,0.81,0.9,1.47221949,0.9,0.81,0.01
M166,S45,Shivamogga-forest-SAR-only,Musthafa and Singh 2022,2022,Frontiers in Forests and Global Change,India,South-Asia,Tropical,Mixed forest,Hilly,No,Missing,,30.0,Fine,5 â 30 m,SAR-only,No,Machine-learning,Random Forest,Yes,No,103.0,Local,0.78,0.883176087,1.390023625,0.8832,0.78,0.01
M167,S46,Lago-Grande-de-Curuai,Pereira et al. 2018,2018,Remote Sensing,Brazil,South-America,Tropical,Flooded forest,Flat / Lowland,No,Missing,,20.0,Fine,5 â 30 m,SAR-only,No,Statistical,GWR,Yes,Yes,18.0,Local,0.46,0.678232998,0.825834523,0.6782,0.46,0.066667
M168,S48,Mansehra-District,Imran et al. 2025,2025,Forests,Pakistan,South-Asia,Temperate,Coniferous forest,Hilly,Yes,GEDI L4A,Canopy height,30.0,Fine,5 â 30 m,LiDAR+Optical,Yes,Machine-learning,Random Forest,Yes,Yes,93248.0,Local,0.86,0.92736185,1.639208579,0.9274,0.86,1.1e-05
M169,S48,Mansehra-District,Imran et al. 2025,2025,Forests,Pakistan,South-Asia,Temperate,Coniferous forest,Hilly,Yes,GEDI L4A,Canopy height,30.0,Fine,5 â 30 m,LiDAR+Optical,Yes,Machine-learning,XGBoost,Yes,No,93248.0,Local,0.85,0.921954446,1.601902601,0.922,0.85,1.1e-05
M170,S48,Mansehra-District,Imran et al. 2025,2025,Forests,Pakistan,South-Asia,Temperate,Coniferous forest,Hilly,Yes,GEDI L4A,Canopy height,30.0,Fine,5 â 30 m,LiDAR+Optical,Yes,Machine-learning,Decision Tree,Yes,No,93248.0,Local,0.84,0.916515139,1.566799237,0.9165,0.84,1.1e-05
M171,S49,Subtropical-China,Zhang et al. 2019,2019,Remote Sensing of Environment,China,East-Asia,Subtropical,Mixed forest,Complex terrain,No,Missing,,1000.0,Coarse,> 500 m,LiDAR+Optical,Yes,Machine-learning,Cubist,No,Yes,1268.0,Regional,0.75,0.866025404,1.316957897,0.866,0.75,0.000791
M173,S51,Conghua-Guangdong,Shao et al. 2017,2017,IEEE JSTARS,China,East-Asia,Subtropical,Mixed forest,Hilly,No,Missing,,30.0,Medium,5 â 30 m,Optical+SAR+LiDAR,Yes,Deep-learning,Stacked Sparse Autoencoder (SSAE),Yes,Yes,,Local,0.812,0.901110426,1.478094808,0.9011,0.812,
M184,S57,Sierra-Madre-Occidental,Lopez-Serrano et al. 2016,2016,Forests,Mexico,North-America,Temperate,Mixed forest,Mountainous,No,Missing,,30.0,Medium,5 â 30 m,Optical-only,No,Machine-learning,M5 Model Tree,Yes,No,201.0,Local,0.54,0.734846923,0.939183575,0.7348,0.54,0.005051
M185,S57,Sierra-Madre-Occidental,Lopez-Serrano et al. 2016,2016,Forests,Mexico,North-America,Temperate,Mixed forest,Mountainous,No,Missing,,30.0,Medium,5 â 30 m,Optical-only,No,Machine-learning,M5 Model Tree,Yes,No,201.0,Local,0.69,0.830662386,1.190269352,0.8307,0.69,0.005051
M186,S57,Sierra-Madre-Occidental,Lopez-Serrano et al. 2016,2016,Forests,Mexico,North-America,Temperate,Mixed forest,Mountainous,No,Missing,,30.0,Medium,5 â 30 m,Optical-only,No,Machine-learning,M5 Model Tree,Yes,Yes,201.0,Local,0.73,0.854400375,1.272228056,0.8544,0.73,0.005051
M187,S57,Howland-Maine,Sun et al. 2011,2011,Remote Sensing of Environment,USA,North-America,Temperate,Mixed forest,Hilly,No,Missing,,30.0,Medium,5 â 30 m,SAR+LiDAR,Yes,Statistical,Linear Regression,Yes,Yes,112.0,Local,0.71,0.842614977,1.230122924,0.8426,0.71,0.009174
M190,S60,Minas-Gerais-Eucalyptus,Domingues et al. 2019,2019,Computers and Electronics in Agriculture,Brazil,South-America,Subtropical,Plantation,Flat / Lowland,No,Missing,,10.0,Fine,5 â 30 m,Optical+SAR,Yes,Machine-learning,Artificial Neural Network (ANN),Yes,Yes,206.0,Local,0.95,0.974679434,2.17827221,0.9747,0.95,0.004926
M191,S61,Miengwe-Miombo-Zambia,Shamaoma et al. 2024,2024,Plant Methods,Zambia,East-Africa,Tropical,Deciduous forest,Complex terrain,No,Missing,,20.0,Fine,5 â 30 m,LiDAR+Optical,Yes,Statistical,Multiple Linear Regression,Yes,Yes,700.0,Local,0.79,0.888819442,1.416275874,0.8888,0.79,0.001435
M195,S64,Denmark,Nord-Larsen & Schumacher 2012,2012,Remote Sensing of Environment,Denmark,Europe,Temperate,Mixed forest,Flat / Lowland,No,Missing,,,,Missing,LiDAR-only,No,Statistical,Nonlinear Regression,Yes,No,1267.0,National,0.68,0.824621125,1.171089504,0.8246,0.68,0.000791
M196,S64,Denmark,Nord-Larsen & Schumacher 2012,2012,Remote Sensing of Environment,Denmark,Europe,Temperate,Mixed forest,Flat / Lowland,No,Missing,,,,Missing,LiDAR-only,No,Statistical,Nonlinear Regression,Yes,Yes,1267.0,National,0.78,0.883176087,1.390023625,0.8832,0.78,0.000791
M197,S64,Denmark,Nord-Larsen & Schumacher 2012,2012,Remote Sensing of Environment,Denmark,Europe,Temperate,Mixed forest,Flat / Lowland,No,Missing,,,,Missing,LiDAR-only,No,Statistical,Nonlinear Regression,Yes,No,1267.0,National,0.78,0.883176087,1.390023625,0.8832,0.78,0.000791
M199,S66,Maowei-Sea,Huang et al. 2022,2022,Geocarto International,China,East-Asia,Subtropical,Mangrove,Coastal,No,Missing,,10.0,Fine,5 â 30 m,Optical+SAR,Yes,Machine-learning,LightGBM,Yes,Yes,227.0,Local,0.7807,0.883572295,1.391827442,0.8836,0.7807,0.004464
M209,S71,Cameroon-Sanaga,Sagang et al. 2020,2020,Remote Sensing,Cameroon,Central-Africa,Tropical,Mixed forest,Flat / Lowland,No,Missing,,40.0,Medium,30 â 100 m,LiDAR-only,No,Statistical,Simple linear regression ALS,Yes,No,62.0,Local,0.81,0.9,1.47221949,0.9,0.81,0.016949
M210,S71,Cameroon-Sanaga,Sagang et al. 2020,2020,Remote Sensing,Cameroon,Central-Africa,Tropical,Mixed forest,Flat / Lowland,No,Missing,,40.0,Medium,30 â 100 m,Optical-only,No,Machine-learning,Random Forest,Yes,No,62.0,Regional,0.58,0.761577311,0.999959891,0.7616,0.58,0.016949
M211,S71,Cameroon-Sanaga,Sagang et al. 2020,2020,Remote Sensing,Cameroon,Central-Africa,Tropical,Mixed forest,Flat / Lowland,No,Missing,,40.0,Medium,30 â 100 m,Optical-only,No,Machine-learning,Random Forest,Yes,No,62.0,Regional,0.61,0.781024968,1.047993293,0.781,0.61,0.016949
M212,S71,Cameroon-Sanaga,Sagang et al. 2020,2020,Remote Sensing,Cameroon,Central-Africa,Tropical,Mixed forest,Flat / Lowland,No,Missing,,40.0,Medium,30 â 100 m,Optical-only,No,Machine-learning,Random Forest,Yes,No,62.0,Regional,0.58,0.761577311,0.999959891,0.7616,0.58,0.016949
M213,S71,Cameroon-Sanaga,Sagang et al. 2020,2020,Remote Sensing,Cameroon,Central-Africa,Tropical,Mixed forest,Flat / Lowland,No,Missing,,40.0,Medium,30 â 100 m,LiDAR+Optical,Yes,Machine-learning,Random Forest,Yes,No,117415.0,Regional,0.62,0.787400787,1.064554504,0.7874,0.62,9e-06
M214,S71,Cameroon-Sanaga,Sagang et al. 2020,2020,Remote Sensing,Cameroon,Central-Africa,Tropical,Mixed forest,Flat / Lowland,No,Missing,,40.0,Medium,30 â 100 m,LiDAR+Optical,Yes,Machine-learning,Random Forest,Yes,No,117415.0,Regional,0.7,0.836660027,1.209935121,0.8367,0.7,9e-06
M215,S71,Cameroon-Sanaga,Sagang et al. 2020,2020,Remote Sensing,Cameroon,Central-Africa,Tropical,Mixed forest,Flat / Lowland,No,Missing,,40.0,Medium,30 â 100 m,LiDAR+Optical,Yes,Machine-learning,Random Forest,Yes,Yes,117415.0,Regional,0.7,0.836660027,1.209935121,0.8367,0.7,9e-06
M221,S74,Brazilian-Amazon,Ometto et al. 2023,2023,Scientific Data,Brazil,South-America,Tropical,Mixed forest,Complex terrain,No,Missing,,250.0,Medium,100 â 500 m,Optical+SAR+LiDAR,Yes,Machine-learning,Random Forest,No,Yes,141032.0,Regional,0.75,0.866025404,1.316957897,0.866,0.75,7e-06
M223,S76,Miombo-Tanzania,Egberth et al. 2017,2017,Carbon Balance and Management,Tanzania,East-Africa,Tropical,Mixed forest,Complex terrain,No,Missing,,30.0,Medium,5 â 30 m,Optical-only,No,Statistical,Multiple Linear Regression,Yes,No,88.0,Local,0.38,0.6164414,0.719244967,0.6164,0.38,0.011765
M224,S76,Miombo-Tanzania,Egberth et al. 2017,2017,Carbon Balance and Management,Tanzania,East-Africa,Tropical,Mixed forest,Complex terrain,No,Missing,,30.0,Medium,5 â 30 m,LiDAR-only,No,Statistical,Multiple Linear Regression,Yes,No,88.0,Local,0.64,0.8,1.098612289,0.8,0.64,0.011765
M225,S76,Miombo-Tanzania,Egberth et al. 2017,2017,Carbon Balance and Management,Tanzania,East-Africa,Tropical,Mixed forest,Complex terrain,No,Missing,,30.0,Medium,5 â 30 m,LiDAR+Optical,Yes,Statistical,Multiple Linear Regression,Yes,Yes,88.0,Local,0.66,0.81240384,1.134058883,0.8124,0.66,0.011765
M226,S77,Maine-forest,Zhang et al. 2017,2017,Remote Sensing of Environment,USA,North-America,Temperate,Mixed forest,Hilly,No,Missing,,50.0,Medium,30 â 100 m,SAR-only,No,Statistical,Multiple Linear Regression,Yes,No,,Local,0.59,0.768114575,1.015712827,0.7681,0.59,
M227,S77,Maine-forest,Zhang et al. 2017,2017,Remote Sensing of Environment,USA,North-America,Temperate,Mixed forest,Hilly,No,Missing,,50.0,Medium,30 â 100 m,Optical+SAR,Yes,Statistical,Multiple Linear Regression,Yes,Yes,,Local,0.76,0.871779789,1.340447915,0.8718,0.76,
M228,S78,Cape-Verde-xerophytic,Bernasconi et al. 2017,2017,Remote Sensing,Cabo Verde,West-Africa,Subtropical,Shrubland,Hilly,No,Missing,,22.4,Fine,5 â 30 m,Optical-only,No,Statistical,GWR,Yes,No,184.0,Local,0.7,0.836660027,1.209935121,0.8367,0.7,0.005525
M229,S78,Cape-Verde-xerophytic,Bernasconi et al. 2017,2017,Remote Sensing,Cabo Verde,West-Africa,Subtropical,Shrubland,Hilly,No,Missing,,22.4,Fine,5 â 30 m,Optical-only,No,Statistical,GWR,Yes,Yes,184.0,Local,0.9,0.948683298,1.818446459,0.9487,0.9,0.005525
M233,S82,Australia-continent,Liao et al. 2020,2020,Int J Appl Earth Obs Geoinformation,Australia,Oceania,Subtropical,Shrubland,Complex terrain,No,Missing,RH metrics,25.0,High-resolution,5 â 30 m,Optical+SAR+LiDAR,Yes,Machine-learning,Random Forest,No,Yes,40585.0,Local,0.94,0.969535971,2.084503326,0.9695,0.94,2.5e-05
M234,S83,Miombo-Tanzania,Melitha et al. 2025,2025,Earth Science Informatics,Tanzania,East-Africa,Tropical,Miombo woodland,Hilly,No,Missing,Canopy height,0.04,Ultra-high-resolution,< 1 m,Optical-only,No,Machine-learning,Random Forest,Yes,Yes,78.0,Local,0.86,0.92736185,1.639208579,0.9274,0.86,0.013333
M235,S83,Miombo-Tanzania,Melitha et al. 2025,2025,Earth Science Informatics,Tanzania,East-Africa,Tropical,Miombo woodland,Hilly,No,Missing,Canopy height,0.04,Ultra-high-resolution,< 1 m,Optical-only,No,Machine-learning,XGBoost,Yes,No,78.0,Local,0.73,0.854400375,1.272228056,0.8544,0.73,0.013333
M236,S83,Miombo-Tanzania,Melitha et al. 2025,2025,Earth Science Informatics,Tanzania,East-Africa,Tropical,Miombo woodland,Hilly,No,Missing,Canopy height,0.04,Ultra-high-resolution,< 1 m,Optical-only,No,Machine-learning,Gradient Boosting,Yes,No,78.0,Local,0.28,0.529150262,0.58896423,0.5292,0.28,0.013333
M237,S83,Miombo-Tanzania,Melitha et al. 2025,2025,Earth Science Informatics,Tanzania,East-Africa,Tropical,Miombo woodland,Hilly,No,Missing,Canopy height,0.04,Ultra-high-resolution,< 1 m,Optical-only,No,Machine-learning,SVM,Yes,No,78.0,Local,0.29,0.538516481,0.602063782,0.5385,0.29,0.013333
M239,S84,CanGio-Vietnam,Luong et al. 2019,2019,Applied Ecology and Environmental Research,Vietnam,Southeast-Asia,Tropical,Mangrove,Coastal,No,Missing,,6.25,High-resolution,5 â 30 m,SAR-only,No,Statistical,Linear Regression,Yes,No,30.0,Local,0.74,0.860232527,1.294238318,0.8602,0.74,0.037037
M240,S84,CanGio-Vietnam,Luong et al. 2019,2019,Applied Ecology and Environmental Research,Vietnam,Southeast-Asia,Tropical,Mangrove,Coastal,No,Missing,,6.25,High-resolution,5 â 30 m,SAR-only,No,Statistical,Polynomial regression,Yes,No,30.0,Local,0.76,0.871779789,1.340447915,0.8718,0.76,0.037037
M241,S84,CanGio-Vietnam,Luong et al. 2019,2019,Applied Ecology and Environmental Research,Vietnam,Southeast-Asia,Tropical,Mangrove,Coastal,No,Missing,,6.25,High-resolution,5 â 30 m,SAR-only,Yes,Statistical,Multiple Linear Regression,Yes,No,30.0,Local,0.79,0.888819442,1.416275874,0.8888,0.79,0.037037
M242,S84,CanGio-Vietnam,Luong et al. 2019,2019,Applied Ecology and Environmental Research,Vietnam,Southeast-Asia,Tropical,Mangrove,Coastal,No,Missing,,6.25,High-resolution,5 â 30 m,SAR-only,Yes,Statistical,Multiple Linear Regression,Yes,Yes,30.0,Local,0.81,0.9,1.47221949,0.9,0.81,0.037037
M244,S86,Vancouver-Island-Canada,Chen & Hay 2011,2011,Photogrammetric Engineering and Remote Sensing,Canada,North-America,Temperate,Coniferous forest,Mountainous,No,Missing,Canopy height,1.0,Very-high-resolution,1 â 5 m,LiDAR+Optical,Yes,Machine-learning,SVM,Yes,Yes,,Local,0.76,0.871779789,1.340447915,0.8718,0.76,
M245,S87,Gwangneung-Korea,Kim et al. 2010,2010,Science China Life Sciences,South Korea,East-Asia,Temperate,Coniferous forest,Mountainous,No,Missing,Canopy height,0.25,Very-high-resolution,< 1 m,LiDAR+Optical,Yes,Statistical,Allometric Model,No,Yes,47.0,Local,0.98,0.989949494,2.644120761,0.9899,0.98,0.022727
M246,S88,Puer,Wang et al. 2024,2024,Forests,China,East-Asia,Subtropical,Coniferous forest,Mountainous,Yes,GEDI L4A,Other-GEDI,30.0,Medium,5 â 30 m,Optical+SAR,Yes,Machine-learning,Random Forest,Yes,No,27.0,Local,0.79,0.888819442,1.416275874,0.8888,0.79,0.041667
M247,S88,All-sites,Wang et al. 2024,2024,Forests,China,East-Asia,Subtropical,Mixed forest,Mountainous,Yes,GEDI L4A,Other-GEDI,30.0,Medium,5 â 30 m,Optical+SAR,Yes,Machine-learning,Random Forest,Yes,No,98.0,Regional,0.8,0.894427191,1.443635475,0.8944,0.8,0.010526
M248,S88,Puer-Broadleaf,Wang et al. 2024,2024,Forests,China,East-Asia,Subtropical,Evergreen_forest,Mountainous,Yes,GEDI L4A,Other-GEDI,30.0,Medium,5 â 30 m,Optical+SAR,Yes,Machine-learning,Random Forest,Yes,No,31.0,Local,0.83,0.911043358,1.533627775,0.911,0.83,0.035714
M249,S88,Yiliang,Wang et al. 2024,2024,Forests,China,East-Asia,Subtropical,Coniferous forest,Mountainous,Yes,GEDI L4A,Other-GEDI,30.0,Medium,5 â 30 m,Optical+SAR,Yes,Machine-learning,Random Forest,Yes,Yes,40.0,Local,0.84,0.916515139,1.566799237,0.9165,0.84,0.027027
M258,S91,Sonoma-County,Duncanson et al. 2020,2020,Remote Sensing of Environment,USA,North-America,Temperate,Mixed forest,Mountainous,Yes,GEDI Multi-level,RH + Canopy height + Waveform,25.0,Medium,5 â 30 m,LiDAR-only,Yes,Statistical,OLS Regression,Yes,Yes,,Regional,0.64,0.8,1.098612289,0.8,0.64,
M259,S91,Sonoma-County,Duncanson et al. 2020,2020,Remote Sensing of Environment,USA,North-America,Temperate,Mixed forest,Mountainous,No,Missing,RH metrics,100.0,Coarse,30 â 100 m,LiDAR-only,Yes,Statistical,OLS Regression,Yes,No,,Regional,0.69,0.830662386,1.190269352,0.8307,0.69,
M260,S91,Sonoma-County,Duncanson et al. 2020,2020,Remote Sensing of Environment,USA,North-America,Temperate,Mixed forest,Mountainous,No,Missing,,30.0,Medium,5 â 30 m,SAR-only,Yes,Statistical,Logarithmic Regression,Yes,No,,Regional,0.41,0.640312424,0.758703097,0.6403,0.41,
M277,S93,Wunbaik-Mangrove,Maung et al. 2025,2025,Discover Conservation,Myanmar,Southeast-Asia,Tropical,Mangrove,Flat / Lowland,No,Missing,,10.0,Fine,5 â 30 m,Optical+SAR+LiDAR,Yes,Machine-learning,SVM,Yes,No,60.0,Local,0.07,0.264575131,0.271021547,0.2646,0.07,0.017544
M278,S93,Wunbaik-Mangrove,Maung et al. 2025,2025,Discover Conservation,Myanmar,Southeast-Asia,Tropical,Mangrove,Flat / Lowland,No,Missing,,10.0,Fine,5 â 30 m,Optical+SAR+LiDAR,Yes,Machine-learning,Random Forest,Yes,Yes,60.0,Local,0.33,0.574456265,0.654148767,0.5745,0.33,0.017544
M279,S94,Genhe-Forest-Farms,Ding et al. 2025,2025,Remote Sensing,China,East-Asia,Temperate,Mixed forest,Hilly,Yes,GEDI Multi-level,RH + Canopy height,25.0,Fine,5 â 30 m,Optical+SAR+LiDAR,Yes,Statistical,Hybrid Biomass Model,Yes,No,80.0,Local,0.37,0.608276253,0.706180685,0.6083,0.37,0.012987
M280,S94,Genhe-Forest-Farms,Ding et al. 2025,2025,Remote Sensing,China,East-Asia,Temperate,Mixed forest,Hilly,Yes,GEDI Multi-level,RH + Canopy height,25.0,Fine,5 â 30 m,Optical+SAR+LiDAR,Yes,Statistical,Hybrid Biomass Model,Yes,No,80.0,Local,0.38,0.6164414,0.719244967,0.6164,0.38,0.012987
M281,S94,Genhe-Forest-Farms,Ding et al. 2025,2025,Remote Sensing,China,East-Asia,Temperate,Mixed forest,Hilly,Yes,GEDI Multi-level,RH + Canopy height,25.0,Fine,5 â 30 m,Optical+SAR+LiDAR,Yes,Statistical,Regression Kriging,Yes,Yes,80.0,Local,0.6,0.774596669,1.031718534,0.7746,0.6,0.012987
M282,S94,Genhe-Forest-Farms,Ding et al. 2025,2025,Remote Sensing,China,East-Asia,Temperate,Mixed forest,Hilly,Yes,GEDI Multi-level,RH + Canopy height,25.0,Fine,5 â 30 m,Optical+SAR+LiDAR,Yes,Statistical,3sGHMB,Yes,No,80.0,Local,0.27,0.519615242,0.575812545,0.5196,0.27,0.012987
M283,S94,Genhe-Forest-Farms,Ding et al. 2025,2025,Remote Sensing,China,East-Asia,Temperate,Mixed forest,Hilly,Yes,GEDI Multi-level,RH + Canopy height,25.0,Fine,5 â 30 m,Optical+SAR+LiDAR,Yes,Statistical,Hybrid Biomass Model,Yes,No,80.0,Local,0.55,0.741619849,0.954069476,0.7416,0.55,0.012987
M284,S95,Florida-sites,Bueno et al. 2025,2025,Remote Sensing,USA,North-America,Subtropical,Mixed forest,Flat / Lowland,Yes,GEDI L4A,RH + PAI/LAI + Structure,30.0,Medium,5 â 30 m,Optical+SAR+LiDAR,Yes,Machine-learning,Random Forest,Yes,Yes,1000.0,Local,0.53,0.728010989,0.924482322,0.728,0.53,0.001003
M285,S95,Florida-sites,Bueno et al. 2025,2025,Remote Sensing,USA,North-America,Subtropical,Mixed forest,Flat / Lowland,Yes,GEDI Multi-level,RH + Canopy height + PAI/LAI,30.0,Medium,5 â 30 m,Optical+SAR+LiDAR,Yes,Machine-learning,Random Forest,Yes,No,1000.0,Local,0.46,0.678232998,0.825834523,0.6782,0.46,0.001003
M286,S95,Florida-sites,Bueno et al. 2025,2025,Remote Sensing,USA,North-America,Subtropical,Mixed forest,Flat / Lowland,Yes,GEDI L2A,RH + Canopy height,30.0,Medium,5 â 30 m,Optical+SAR+LiDAR,Yes,Statistical,Power law regression,Yes,No,27.0,Local,0.5,0.707106781,0.881373587,0.7071,0.5,0.041667
M304,S98,Terai_Arc_Landscape,Rana et al. 2023,2023,International Journal of Remote Sensing,Nepal,South-Asia,Tropical,Mixed forest,Flat / Lowland,Yes,Missing,,1.0,Fine,1 â 5 m,LiDAR-only,No,Statistical,Weighted Least Squares,Yes,No,632.0,Local,0.73,0.854400375,1.272228056,0.8544,0.73,0.00159
M305,S98,Terai_Arc_Landscape,Rana et al. 2023,2023,International Journal of Remote Sensing,Nepal,South-Asia,Tropical,Mixed forest,Flat / Lowland,No,Missing,,5.0,Fine,1 â 5 m,Optical-only,No,Statistical,Weighted Least Squares,Yes,No,632.0,Local,0.34,0.583095189,0.667139633,0.5831,0.34,0.00159
M306,S98,Terai_Arc_Landscape,Rana et al. 2023,2023,International Journal of Remote Sensing,Nepal,South-Asia,Tropical,Mixed forest,Flat / Lowland,No,Missing,,30.0,Medium,5 â 30 m,Optical-only,No,Statistical,Weighted Least Squares,Yes,No,632.0,Local,0.33,0.574456265,0.654148767,0.5745,0.33,0.00159
M307,S98,Terai_Arc_Landscape,Rana et al. 2023,2023,International Journal of Remote Sensing,Nepal,South-Asia,Tropical,Mixed forest,Flat / Lowland,Yes,Missing,,5.0,Fine,1 â 5 m,LiDAR+Optical,Yes,Statistical,Weighted Least Squares,Yes,No,632.0,Local,0.73,0.854400375,1.272228056,0.8544,0.73,0.00159
M308,S98,Terai_Arc_Landscape,Rana et al. 2023,2023,International Journal of Remote Sensing,Nepal,South-Asia,Tropical,Mixed forest,Flat / Lowland,Yes,Missing,,30.0,Medium,5 â 30 m,LiDAR+Optical,Yes,Statistical,Weighted Least Squares,Yes,No,632.0,Local,0.72,0.848528137,1.250872559,0.8485,0.72,0.00159
M309,S98,Terai_Arc_Landscape,Rana et al. 2023,2023,International Journal of Remote Sensing,Nepal,South-Asia,Tropical,Mixed forest,Flat / Lowland,Yes,Missing,,1.0,Fine,1 â 5 m,LiDAR-only,No,Machine-learning,Random Forest,Yes,No,632.0,Local,0.74,0.860232527,1.294238318,0.8602,0.74,0.00159
M310,S98,Terai_Arc_Landscape,Rana et al. 2023,2023,International Journal of Remote Sensing,Nepal,South-Asia,Tropical,Mixed forest,Flat / Lowland,No,Missing,,5.0,Fine,1 â 5 m,Optical-only,No,Machine-learning,Random Forest,Yes,No,632.0,Local,0.47,0.68556546,0.839540228,0.6856,0.47,0.00159
M311,S98,Terai_Arc_Landscape,Rana et al. 2023,2023,International Journal of Remote Sensing,Nepal,South-Asia,Tropical,Mixed forest,Flat / Lowland,No,Missing,,30.0,Medium,5 â 30 m,Optical-only,No,Machine-learning,Random Forest,Yes,No,632.0,Local,0.48,0.692820323,0.853359202,0.6928,0.48,0.00159
M312,S98,Terai_Arc_Landscape,Rana et al. 2023,2023,International Journal of Remote Sensing,Nepal,South-Asia,Tropical,Mixed forest,Flat / Lowland,Yes,Missing,,5.0,Fine,1 â 5 m,LiDAR+Optical,Yes,Machine-learning,Random Forest,Yes,No,632.0,Local,0.77,0.877496439,1.364777193,0.8775,0.77,0.00159
M313,S98,Terai_Arc_Landscape,Rana et al. 2023,2023,International Journal of Remote Sensing,Nepal,South-Asia,Tropical,Mixed forest,Flat / Lowland,Yes,Missing,,30.0,Medium,5 â 30 m,LiDAR+Optical,Yes,Machine-learning,Random Forest,Yes,No,632.0,Local,0.76,0.871779789,1.340447915,0.8718,0.76,0.00159
M314,S98,Terai_Arc_Landscape,Rana et al. 2023,2023,International Journal of Remote Sensing,Nepal,South-Asia,Tropical,Mixed forest,Flat / Lowland,Yes,Missing,,1.0,Fine,1 â 5 m,LiDAR-only,No,Machine-learning,Extremely Randomized Trees,Yes,No,632.0,Local,0.75,0.866025404,1.316957897,0.866,0.75,0.00159
M315,S98,Terai_Arc_Landscape,Rana et al. 2023,2023,International Journal of Remote Sensing,Nepal,South-Asia,Tropical,Mixed forest,Flat / Lowland,No,Missing,,5.0,Fine,1 â 5 m,Optical-only,No,Machine-learning,Extremely Randomized Trees,Yes,No,632.0,Local,0.43,0.655743852,0.785309825,0.6557,0.43,0.00159
M316,S98,Terai_Arc_Landscape,Rana et al. 2023,2023,International Journal of Remote Sensing,Nepal,South-Asia,Tropical,Mixed forest,Flat / Lowland,No,Missing,,30.0,Medium,5 â 30 m,Optical-only,No,Machine-learning,Extremely Randomized Trees,Yes,No,632.0,Local,0.45,0.670820393,0.81223326,0.6708,0.45,0.00159
M317,S98,Terai_Arc_Landscape,Rana et al. 2023,2023,International Journal of Remote Sensing,Nepal,South-Asia,Tropical,Mixed forest,Flat / Lowland,Yes,Missing,,5.0,Fine,1 â 5 m,LiDAR+Optical,Yes,Machine-learning,Extremely Randomized Trees,Yes,No,632.0,Local,0.77,0.877496439,1.364777193,0.8775,0.77,0.00159
M318,S98,Terai_Arc_Landscape,Rana et al. 2023,2023,International Journal of Remote Sensing,Nepal,South-Asia,Tropical,Mixed forest,Flat / Lowland,Yes,Missing,,30.0,Medium,5 â 30 m,LiDAR+Optical,Yes,Machine-learning,Extremely Randomized Trees,Yes,No,632.0,Local,0.76,0.871779789,1.340447915,0.8718,0.76,0.00159
M319,S98,Terai_Arc_Landscape,Rana et al. 2023,2023,International Journal of Remote Sensing,Nepal,South-Asia,Tropical,Mixed forest,Flat / Lowland,Yes,Missing,,1.0,Fine,1 â 5 m,LiDAR-only,No,Deep-learning,Stacked Autoencoder,Yes,No,632.0,Local,0.79,0.888819442,1.416275874,0.8888,0.79,0.00159
M320,S98,Terai_Arc_Landscape,Rana et al. 2023,2023,International Journal of Remote Sensing,Nepal,South-Asia,Tropical,Mixed forest,Flat / Lowland,No,Missing,,5.0,Fine,1 â 5 m,Optical-only,No,Deep-learning,Stacked Autoencoder,Yes,No,632.0,Local,0.49,0.7,0.867300528,0.7,0.49,0.00159
M321,S98,Terai_Arc_Landscape,Rana et al. 2023,2023,International Journal of Remote Sensing,Nepal,South-Asia,Tropical,Mixed forest,Flat / Lowland,No,Missing,,30.0,Medium,5 â 30 m,Optical-only,No,Deep-learning,Stacked Autoencoder,Yes,No,632.0,Local,0.51,0.714142843,0.8955881,0.7141,0.51,0.00159
M322,S98,Terai_Arc_Landscape,Rana et al. 2023,2023,International Journal of Remote Sensing,Nepal,South-Asia,Tropical,Mixed forest,Flat / Lowland,Yes,Missing,,5.0,Fine,1 â 5 m,LiDAR+Optical,Yes,Deep-learning,Stacked Autoencoder,Yes,Yes,632.0,Local,0.8,0.894427191,1.443635475,0.8944,0.8,0.00159
M323,S98,Terai_Arc_Landscape,Rana et al. 2023,2023,International Journal of Remote Sensing,Nepal,South-Asia,Tropical,Mixed forest,Flat / Lowland,Yes,Missing,,30.0,Medium,5 â 30 m,LiDAR+Optical,Yes,Deep-learning,Stacked Autoencoder,Yes,No,632.0,Local,0.77,0.877496439,1.364777193,0.8775,0.77,0.00159
M324,S99,Lin'an,Tian et al. 2024,2024,Remote Sensing,China,East-Asia,Subtropical,Mixed forest,Hilly,No,Missing,,1.0,Very_fine,1 â 5 m,SAR-only,No,Machine-learning,Random Forest,Yes,No,130.0,Local,0.4088,0.639374695,0.75711534,0.6394,0.4088,0.007874
M325,S99,Lin'an,Tian et al. 2024,2024,Remote Sensing,China,East-Asia,Subtropical,Mixed forest,Hilly,No,Missing,,1.0,Very_fine,1 â 5 m,SAR-only,No,Deep-learning,CNN LSTM,Yes,No,130.0,Local,0.4355,0.659924238,0.792679409,0.6599,0.4355,0.007874
M326,S99,Lin'an,Tian et al. 2024,2024,Remote Sensing,China,East-Asia,Subtropical,Mixed forest,Hilly,No,Missing,,1.0,Very_fine,1 â 5 m,SAR-only,No,Deep-learning,CNN,Yes,No,130.0,Local,0.3073,0.554346462,0.624634313,0.5543,0.3073,0.007874
M327,S99,Lin'an,Tian et al. 2024,2024,Remote Sensing,China,East-Asia,Subtropical,Mixed forest,Hilly,No,Missing,,5.0,Fine,1 â 5 m,SAR-only,No,Machine-learning,Random Forest,Yes,No,130.0,Local,0.4058,0.637024332,0.75314982,0.637,0.4058,0.007874
M328,S99,Lin'an,Tian et al. 2024,2024,Remote Sensing,China,East-Asia,Subtropical,Mixed forest,Hilly,No,Missing,,5.0,Fine,1 â 5 m,SAR-only,No,Deep-learning,CNN LSTM,Yes,No,130.0,Local,0.4184,0.646838465,0.769843545,0.6468,0.4184,0.007874
M329,S99,Lin'an,Tian et al. 2024,2024,Remote Sensing,China,East-Asia,Subtropical,Mixed forest,Hilly,No,Missing,,5.0,Fine,1 â 5 m,SAR-only,No,Deep-learning,CNN,Yes,No,130.0,Local,0.2933,0.541571787,0.606377052,0.5416,0.2933,0.007874
M330,S99,Lin'an,Tian et al. 2024,2024,Remote Sensing,China,East-Asia,Subtropical,Mixed forest,Hilly,No,Missing,,3.0,Very_fine,1 â 5 m,SAR-only,No,Machine-learning,Random Forest,Yes,No,130.0,Local,0.3025,0.55,0.618381314,0.55,0.3025,0.007874
M331,S99,Lin'an,Tian et al. 2024,2024,Remote Sensing,China,East-Asia,Subtropical,Mixed forest,Hilly,No,Missing,,3.0,Very_fine,1 â 5 m,SAR-only,No,Deep-learning,CNN LSTM,Yes,No,130.0,Local,0.4285,0.654599114,0.78330415,0.6546,0.4285,0.007874
M332,S99,Lin'an,Tian et al. 2024,2024,Remote Sensing,China,East-Asia,Subtropical,Mixed forest,Hilly,No,Missing,,3.0,Very_fine,1 â 5 m,SAR-only,No,Deep-learning,CNN,Yes,No,130.0,Local,0.4124,0.642183774,0.761881343,0.6422,0.4124,0.007874
M333,S99,Lin'an,Tian et al. 2024,2024,Remote Sensing,China,East-Asia,Subtropical,Mixed forest,Hilly,No,Missing,,16.0,Medium,5 â 30 m,Optical-only,No,Machine-learning,Random Forest,Yes,No,130.0,Local,0.5697,0.754784738,0.983982512,0.7548,0.5697,0.007874
M334,S99,Lin'an,Tian et al. 2024,2024,Remote Sensing,China,East-Asia,Subtropical,Mixed forest,Hilly,No,Missing,,16.0,Medium,5 â 30 m,Optical-only,No,Deep-learning,CNN LSTM,Yes,No,130.0,Local,0.5451,0.738308878,0.946751564,0.7383,0.5451,0.007874
M335,S99,Lin'an,Tian et al. 2024,2024,Remote Sensing,China,East-Asia,Subtropical,Mixed forest,Hilly,No,Missing,,16.0,Medium,5 â 30 m,Optical-only,No,Deep-learning,CNN,Yes,No,130.0,Local,0.6557,0.809753049,1.126311353,0.8098,0.6557,0.007874
M336,S99,Lin'an,Tian et al. 2024,2024,Remote Sensing,China,East-Asia,Subtropical,Mixed forest,Hilly,No,Missing,,10.0,Fine,5 â 30 m,Optical-only,No,Machine-learning,Random Forest,Yes,No,130.0,Local,0.4572,0.67616566,0.822016015,0.6762,0.4572,0.007874
M337,S99,Lin'an,Tian et al. 2024,2024,Remote Sensing,China,East-Asia,Subtropical,Mixed forest,Hilly,No,Missing,,10.0,Fine,5 â 30 m,Optical-only,No,Deep-learning,CNN LSTM,Yes,No,130.0,Local,0.7025,0.838152731,1.214931644,0.8382,0.7025,0.007874
M338,S99,Lin'an,Tian et al. 2024,2024,Remote Sensing,China,East-Asia,Subtropical,Mixed forest,Hilly,No,Missing,,10.0,Fine,5 â 30 m,Optical-only,No,Deep-learning,CNN,Yes,No,130.0,Local,0.6351,0.796931616,1.09014652,0.7969,0.6351,0.007874
M339,S99,Lin'an,Tian et al. 2024,2024,Remote Sensing,China,East-Asia,Subtropical,Mixed forest,Hilly,No,Missing,,30.0,Medium,5 â 30 m,Optical-only,No,Machine-learning,Random Forest,Yes,No,130.0,Local,0.7277,0.853053339,1.267260172,0.8531,0.7277,0.007874
M340,S99,Lin'an,Tian et al. 2024,2024,Remote Sensing,China,East-Asia,Subtropical,Mixed forest,Hilly,No,Missing,,30.0,Medium,5 â 30 m,Optical-only,No,Deep-learning,CNN LSTM,Yes,No,130.0,Local,0.7241,0.850940656,1.259552371,0.8509,0.7241,0.007874
M341,S99,Lin'an,Tian et al. 2024,2024,Remote Sensing,China,East-Asia,Subtropical,Mixed forest,Hilly,No,Missing,,30.0,Medium,5 â 30 m,Optical-only,No,Deep-learning,CNN,Yes,No,130.0,Local,0.5584,0.747261668,0.966725193,0.7473,0.5584,0.007874
M342,S99,Lin'an,Tian et al. 2024,2024,Remote Sensing,China,East-Asia,Subtropical,Mixed forest,Hilly,No,Missing,,,,Missing,SAR-only,Yes,Machine-learning,Random Forest,Yes,No,130.0,Local,0.4379,0.66174013,0.795903079,0.6617,0.4379,0.007874
M343,S99,Lin'an,Tian et al. 2024,2024,Remote Sensing,China,East-Asia,Subtropical,Mixed forest,Hilly,No,Missing,,,,Missing,SAR-only,Yes,Deep-learning,CNN LSTM,Yes,No,130.0,Local,0.5882,0.76694198,1.012859099,0.7669,0.5882,0.007874
M344,S99,Lin'an,Tian et al. 2024,2024,Remote Sensing,China,East-Asia,Subtropical,Mixed forest,Hilly,No,Missing,,,,Missing,SAR-only,Yes,Deep-learning,CNN,Yes,No,130.0,Local,0.4151,0.644282547,0.765461341,0.6443,0.4151,0.007874
M345,S99,Lin'an,Tian et al. 2024,2024,Remote Sensing,China,East-Asia,Subtropical,Mixed forest,Hilly,No,Missing,,,,Missing,Optical-only,Yes,Machine-learning,Random Forest,Yes,No,130.0,Local,0.6623,0.813818162,1.138232781,0.8138,0.6623,0.007874
M346,S99,Lin'an,Tian et al. 2024,2024,Remote Sensing,China,East-Asia,Subtropical,Mixed forest,Hilly,No,Missing,,,,Missing,Optical-only,Yes,Deep-learning,CNN LSTM,Yes,No,130.0,Local,0.7289,0.853756406,1.269847831,0.8538,0.7289,0.007874
M347,S99,Lin'an,Tian et al. 2024,2024,Remote Sensing,China,East-Asia,Subtropical,Mixed forest,Hilly,No,Missing,,,,Missing,Optical-only,Yes,Deep-learning,CNN,Yes,No,130.0,Local,0.7041,0.839106668,1.218146807,0.8391,0.7041,0.007874
M348,S99,Lin'an,Tian et al. 2024,2024,Remote Sensing,China,East-Asia,Subtropical,Mixed forest,Hilly,No,Missing,,,,Missing,Optical+SAR,Yes,Machine-learning,Random Forest,Yes,No,130.0,Local,0.6928,0.832346082,1.195725297,0.8323,0.6928,0.007874
M349,S99,Lin'an,Tian et al. 2024,2024,Remote Sensing,China,East-Asia,Subtropical,Mixed forest,Hilly,No,Missing,,,,Missing,Optical+SAR,Yes,Deep-learning,CNN LSTM,Yes,Yes,130.0,Local,0.7405,0.860523097,1.295356971,0.8605,0.7405,0.007874
M350,S99,Lin'an,Tian et al. 2024,2024,Remote Sensing,China,East-Asia,Subtropical,Mixed forest,Hilly,No,Missing,,,,Missing,Optical+SAR,Yes,Deep-learning,CNN,Yes,No,130.0,Local,0.7152,0.84569498,1.240839939,0.8457,0.7152,0.007874
M351,S100,Inner_Mongolia,Jin et al. 2024,2024,Ecological Informatics,China,East-Asia,Arid,Shrubland,Plateau,No,Missing,,0.015,Very_fine,< 1 m,Optical-only,No,Statistical,Power function regression,Yes,No,173.0,Local,0.676,0.822192192,1.163546159,0.8222,0.676,0.005882
M352,S100,Inner_Mongolia,Jin et al. 2024,2024,Ecological Informatics,China,East-Asia,Arid,Shrubland,Plateau,No,Missing,,0.015,Very_fine,< 1 m,Optical-only,No,Statistical,Power function regression,Yes,No,173.0,Local,0.673,0.820365772,1.157935009,0.8204,0.673,0.005882
M353,S100,Inner_Mongolia,Jin et al. 2024,2024,Ecological Informatics,China,East-Asia,Arid,Shrubland,Plateau,No,Missing,,0.015,Very_fine,< 1 m,Optical-only,No,Statistical,Power function regression,Yes,No,173.0,Local,0.721,0.849117189,1.252980078,0.8491,0.721,0.005882
M354,S100,Inner_Mongolia,Jin et al. 2024,2024,Ecological Informatics,China,East-Asia,Arid,Shrubland,Plateau,No,Missing,,0.015,Very_fine,< 1 m,Optical-only,No,Statistical,Power function regression,Yes,Yes,173.0,Local,0.731,0.85498538,1.274398764,0.855,0.731,0.005882
M355,S100,Inner_Mongolia,Jin et al. 2024,2024,Ecological Informatics,China,East-Asia,Arid,Shrubland,Plateau,No,Missing,,0.015,Very_fine,< 1 m,Optical-only,No,Statistical,Power function regression,Yes,No,173.0,Local,0.729,0.853814968,1.27006389,0.8538,0.729,0.005882
M356,S100,Inner_Mongolia,Jin et al. 2024,2024,Ecological Informatics,China,East-Asia,Arid,Shrubland,Plateau,No,Missing,,0.015,Very_fine,< 1 m,Optical-only,No,Statistical,Power function regression,Yes,No,173.0,Local,0.724,0.850881895,1.259339432,0.8509,0.724,0.005882
M384,S102,Jiyuan,Yang et al. 2025b,2025,Journal of Applied Remote Sensing,China,East-Asia,Temperate,Deciduous forest,Hilly,Yes,GEDI Multi-level,RH_metrics;Vertical_structure;PAI_LAI;Ground_elevation,25.0,Medium,5 â 30 m,LiDAR-only,No,Machine-learning,Random Forest,Yes,No,51.0,Local,0.631,0.794355084,1.08312499,0.7944,0.631,0.020833
M385,S102,Jiyuan,Yang et al. 2025b,2025,Journal of Applied Remote Sensing,China,East-Asia,Temperate,Deciduous forest,Hilly,Yes,GEDI Multi-level,RH_metrics;Vertical_structure;PAI_LAI;Ground_elevation,25.0,Medium,5 â 30 m,LiDAR-only,No,Machine-learning,SVM,Yes,No,51.0,Local,0.605,0.777817459,1.039821223,0.7778,0.605,0.020833
M386,S102,Jiyuan,Yang et al. 2025b,2025,Journal of Applied Remote Sensing,China,East-Asia,Temperate,Deciduous forest,Hilly,Yes,GEDI Multi-level,RH_metrics;Vertical_structure;PAI_LAI;Ground_elevation,25.0,Medium,5 â 30 m,LiDAR-only,No,Deep-learning,CNN,Yes,No,51.0,Local,0.565,0.751664819,0.976771285,0.7517,0.565,0.020833
M387,S102,Jiyuan,Yang et al. 2025b,2025,Journal of Applied Remote Sensing,China,East-Asia,Temperate,Deciduous forest,Hilly,No,Missing,,8.0,Fine,5 â 30 m,Optical-only,No,Machine-learning,Random Forest,Yes,No,51.0,Local,0.471,0.686294397,0.840916881,0.6863,0.471,0.020833
M388,S102,Jiyuan,Yang et al. 2025b,2025,Journal of Applied Remote Sensing,China,East-Asia,Temperate,Deciduous forest,Hilly,No,Missing,,8.0,Fine,5 â 30 m,Optical-only,No,Machine-learning,SVM,Yes,No,51.0,Local,0.344,0.586515132,0.672337115,0.5865,0.344,0.020833
M389,S102,Jiyuan,Yang et al. 2025b,2025,Journal of Applied Remote Sensing,China,East-Asia,Temperate,Deciduous forest,Hilly,No,Missing,,8.0,Fine,5 â 30 m,Optical-only,No,Deep-learning,CNN,Yes,No,51.0,Local,0.377,0.614003257,0.715321968,0.614,0.377,0.020833
M390,S102,Jiyuan,Yang et al. 2025b,2025,Journal of Applied Remote Sensing,China,East-Asia,Temperate,Deciduous forest,Hilly,Yes,GEDI Multi-level,RH_metrics;Vertical_structure;PAI_LAI;Ground_elevation,8.0,Fine,5 â 30 m,LiDAR+Optical,Yes,Machine-learning,Random Forest,Yes,Yes,51.0,Local,0.755,0.86890736,1.328602495,0.8689,0.755,0.020833
M391,S102,Jiyuan,Yang et al. 2025b,2025,Journal of Applied Remote Sensing,China,East-Asia,Temperate,Deciduous forest,Hilly,Yes,GEDI Multi-level,RH_metrics;Vertical_structure;PAI_LAI;Ground_elevation,8.0,Fine,5 â 30 m,LiDAR+Optical,Yes,Machine-learning,SVM,Yes,No,51.0,Local,0.676,0.822192192,1.163546159,0.8222,0.676,0.020833
M392,S102,Jiyuan,Yang et al. 2025b,2025,Journal of Applied Remote Sensing,China,East-Asia,Temperate,Deciduous forest,Hilly,Yes,GEDI Multi-level,RH_metrics;Vertical_structure;PAI_LAI;Ground_elevation,8.0,Fine,5 â 30 m,LiDAR+Optical,Yes,Deep-learning,CNN,Yes,No,51.0,Local,0.695,0.8336666,1.20003932,0.8337,0.695,0.020833
M408,S105,Hunan_Direct,Yao et al. 2026,2026,IEEE Journal of Selected Topics in Applied Earth Observations and Remote Sensing,China,East-Asia,Subtropical,Mixed forest,Complex terrain,Yes,Missing,,30.0,MR,5 â 30 m,LiDAR-only,Yes,Statistical,Direct aggregation,Yes,No,,Regional,0.4,0.632455532,0.745498154,0.6325,0.4,
M409,S105,Hunan_Linear,Yao et al. 2026,2026,IEEE Journal of Selected Topics in Applied Earth Observations and Remote Sensing,China,East-Asia,Subtropical,Mixed forest,Complex terrain,Yes,Missing,,30.0,MR,5 â 30 m,LiDAR-only,Yes,Statistical,Linear Regression,Yes,No,,Regional,0.5607,0.748799038,0.970215653,0.7488,0.5607,
M410,S105,Hunan_Ridge,Yao et al. 2026,2026,IEEE Journal of Selected Topics in Applied Earth Observations and Remote Sensing,China,East-Asia,Subtropical,Mixed forest,Complex terrain,Yes,Missing,,30.0,MR,5 â 30 m,LiDAR-only,Yes,Statistical,Ridge Regression,Yes,No,,Regional,0.882,0.939148551,1.730784313,0.9391,0.882,
M411,S105,Hunan_Lasso,Yao et al. 2026,2026,IEEE Journal of Selected Topics in Applied Earth Observations and Remote Sensing,China,East-Asia,Subtropical,Mixed forest,Complex terrain,Yes,Missing,,30.0,MR,5 â 30 m,LiDAR-only,Yes,Statistical,Lasso Regression,Yes,No,,Regional,0.6797,0.824439203,1.170521265,0.8244,0.6797,
M412,S105,Hunan_Stacking_Full,Yao et al. 2026,2026,IEEE Journal of Selected Topics in Applied Earth Observations and Remote Sensing,China,East-Asia,Subtropical,Mixed forest,Complex terrain,Yes,Missing,,30.0,MR,5 â 30 m,LiDAR-only,Yes,Machine-learning,Stacking Ensemble,Yes,Yes,,Regional,0.9406,0.969845348,2.089685563,0.9698,0.9406,
M413,S105,Hunan_Stacking_Reduced,Yao et al. 2026,2026,IEEE Journal of Selected Topics in Applied Earth Observations and Remote Sensing,China,East-Asia,Subtropical,Mixed forest,Complex terrain,Yes,Missing,,30.0,MR,5 â 30 m,LiDAR-only,Yes,Machine-learning,Stacking Ensemble Reduced,Yes,No,,Regional,0.8921,0.944510455,1.778285455,0.9445,0.8921,
M414,S106,Taiwan_kNN_Best,Lin & Doyog 2025,2025,IEEE Journal of Selected Topics in Applied Earth Observations and Remote Sensing,Taiwan,East-Asia,Subtropical,Mixed forest,Mountainous,Yes,Missing,,10.0,HR,5 â 30 m,LiDAR+Optical,Yes,Machine-learning,kNN,Yes,Yes,8000.0,Local,0.926,0.962288938,1.97595671,0.9623,0.926,0.000125
M415,S106,Taiwan_kNN_SRan,Lin & Doyog 2025,2025,IEEE Journal of Selected Topics in Applied Earth Observations and Remote Sensing,Taiwan,East-Asia,Subtropical,Mixed forest,Mountainous,Yes,Missing,,10.0,HR,5 â 30 m,LiDAR+Optical,Yes,Machine-learning,kNN,Yes,No,8000.0,Local,0.926,0.962288938,1.97595671,0.9623,0.926,0.000125
M416,S106,Taiwan_kNN_SClus,Lin & Doyog 2025,2025,IEEE Journal of Selected Topics in Applied Earth Observations and Remote Sensing,Taiwan,East-Asia,Subtropical,Mixed forest,Mountainous,Yes,Missing,,10.0,HR,5 â 30 m,LiDAR+Optical,Yes,Machine-learning,kNN,Yes,No,8000.0,Local,0.903,0.950263121,1.834486448,0.9503,0.903,0.000125
M417,S106,Taiwan_kNN_Worst,Lin & Doyog 2025,2025,IEEE Journal of Selected Topics in Applied Earth Observations and Remote Sensing,Taiwan,East-Asia,Subtropical,Mixed forest,Mountainous,Yes,Missing,,10.0,HR,5 â 30 m,LiDAR+Optical,Yes,Machine-learning,kNN,Yes,No,8000.0,Local,0.059,0.242899156,0.247852749,0.2429,0.059,0.000125
M418,S107,Mexico_NFI,Urbazaev et al. 2018,2018,Carbon Balance and Management,Mexico,South_America,Tropical,Mixed forest,Complex terrain,Yes,Missing,,100.0,LR,30 â 100 m,Optical+SAR,Yes,Machine-learning,Cubist,Yes,No,4794.0,National,0.37,0.608276253,0.706180685,0.6083,0.37,0.000209
M419,S107,Mexico_LiDAR_All,Urbazaev et al. 2018,2018,Carbon Balance and Management,Mexico,South_America,Tropical,Mixed forest,Complex terrain,Yes,Missing,,100.0,LR,30 â 100 m,Optical+SAR,Yes,Machine-learning,Cubist,Yes,No,271216.0,National,0.37,0.608276253,0.706180685,0.6083,0.37,4e-06
M420,S107,Mexico_LiDAR_50pct,Urbazaev et al. 2018,2018,Carbon Balance and Management,Mexico,South_America,Tropical,Mixed forest,Complex terrain,Yes,Missing,,100.0,LR,30 â 100 m,Optical+SAR,Yes,Machine-learning,Cubist,Yes,Yes,68395.0,National,0.34,0.583095189,0.667139633,0.5831,0.34,1.5e-05
M421,S108,Chenzhou,Yingchang Li et al. 2020,2020,Scientific Reports,China,East-Asia,Subtropical,Evergreen_forest,Mountainous,No,Missing,,25.82,Fine,5 â 30 m,Optical+SAR,Yes,Statistical,Linear Regression,Yes,No,367.0,Regional,0.22,0.469041576,0.508840879,0.469,0.22,0.002747
M422,S108,Chenzhou,Yingchang Li et al. 2020,2020,Scientific Reports,China,East-Asia,Subtropical,Evergreen_forest,Mountainous,No,Missing,,25.82,Fine,5 â 30 m,Optical+SAR,Yes,Machine-learning,Random Forest,Yes,No,367.0,Regional,0.68,0.824621125,1.171089504,0.8246,0.68,0.002747
M423,S108,Chenzhou,Yingchang Li et al. 2020,2020,Scientific Reports,China,East-Asia,Subtropical,Evergreen_forest,Mountainous,No,Missing,,25.82,Fine,5 â 30 m,Optical+SAR,Yes,Machine-learning,XGBoost,Yes,Yes,367.0,Regional,0.75,0.866025404,1.316957897,0.866,0.75,0.002747
M427,S110,Conghua,Zhang et al. 2019,2019,Remote Sensing,China,East-Asia,Subtropical,Mixed forest,Hilly,Yes,Missing,,30.0,Medium,5 â 30 m,LiDAR+Optical,Yes,Machine-learning,kNN,Yes,No,177.0,Local,0.866,0.93059121,1.662784022,0.9306,0.866,0.005747
M428,S110,Conghua,Zhang et al. 2019,2019,Remote Sensing,China,East-Asia,Subtropical,Mixed forest,Hilly,Yes,Missing,,30.0,Medium,5 â 30 m,LiDAR+Optical,Yes,Machine-learning,Random Forest,Yes,No,177.0,Local,0.902,0.949736806,1.829088292,0.9497,0.902,0.005747
M429,S110,Conghua,Zhang et al. 2019,2019,Remote Sensing,China,East-Asia,Subtropical,Mixed forest,Hilly,Yes,Missing,,30.0,Medium,5 â 30 m,LiDAR+Optical,Yes,Machine-learning,SVR,Yes,No,177.0,Local,0.884,0.940212742,1.739880172,0.9402,0.884,0.005747
M430,S110,Conghua,Zhang et al. 2019,2019,Remote Sensing,China,East-Asia,Subtropical,Mixed forest,Hilly,Yes,Missing,,30.0,Medium,5 â 30 m,LiDAR+Optical,Yes,Deep-learning,SSAE,Yes,Yes,177.0,Local,0.935,0.96695398,2.043170148,0.967,0.935,0.005747
M431,S110,Conghua,Zhang et al. 2019,2019,Remote Sensing,China,East-Asia,Subtropical,Mixed forest,Hilly,Yes,Missing,,30.0,Medium,5 â 30 m,LiDAR+Optical,Yes,Statistical,Linear Regression,Yes,No,177.0,Local,0.846,0.919782583,1.58761328,0.9198,0.846,0.005747
M437,S112,Drew_County,Subedi & Zurqani 2026,2026,Advances in Space Research,USA,North-America,Subtropical,Mixed forest,Flat / Lowland,Yes,GEDI L4B,Waveform_metrics,30.0,Medium,5 â 30 m,LiDAR+Optical,Yes,Machine-learning,Random Forest,Yes,Yes,5000.0,Regional,0.77,0.877496439,1.364777193,0.8775,0.77,0.0002
M443,S113,Pantano_della_Zittola,Marino et al. 2024,2024,Ecological Informatics,Italy,Europe,Temperate,Shrubland,Plateau,No,Missing,,10.0,Fine,5 â 30 m,Optical-only,No,Machine-learning,K means,Yes,No,28.0,Local,0.59,0.768114575,1.015712827,0.7681,0.59,0.04
M444,S113,Pantano_della_Zittola,Marino et al. 2024,2024,Ecological Informatics,Italy,Europe,Temperate,Shrubland,Plateau,No,Missing,,10.0,Fine,5 â 30 m,Optical-only,No,Machine-learning,Random Forest,Yes,Yes,28.0,Local,0.69,0.830662386,1.190269352,0.8307,0.69,0.04
M445,S114,Lower_Brazos_River_Basin,Tikuye & Ray 2025,2025,Applied Computing and Geosciences,USA,North-America,Temperate,Mixed forest,Flat / Lowland,Yes,GEDI L4A,Other-GEDI,30.0,Medium,5 â 30 m,LiDAR+Optical,Yes,Statistical,MARS,Yes,No,,Watershed,0.38,0.6164414,0.719244967,0.6164,0.38,
M446,S114,Lower_Brazos_River_Basin,Tikuye & Ray 2025,2025,Applied Computing and Geosciences,USA,North-America,Temperate,Mixed forest,Flat / Lowland,Yes,GEDI L4A,Other-GEDI,30.0,Medium,5 â 30 m,LiDAR+Optical,Yes,Machine-learning,Random Forest,Yes,No,,Watershed,0.41,0.640312424,0.758703097,0.6403,0.41,
M447,S114,Lower_Brazos_River_Basin,Tikuye & Ray 2025,2025,Applied Computing and Geosciences,USA,North-America,Temperate,Mixed forest,Flat / Lowland,Yes,GEDI L4A,Other-GEDI,30.0,Medium,5 â 30 m,LiDAR+Optical,Yes,Machine-learning,XGBoost,Yes,Yes,,Watershed,0.43,0.655743852,0.785309825,0.6557,0.43,
M448,S115,Zhejiang_Province,Li et al. 2024,2024,Environmental Modelling and Software,China,East-Asia,Subtropical,Mixed forest,Complex terrain,No,Missing,,500.0,Medium,100 â 500 m,Optical-only,No,Machine-learning,XGBoost,Yes,No,254.0,Regional,0.76,0.871779789,1.340447915,0.8718,0.76,0.003984
M449,S115,Zhejiang_Province,Li et al. 2024,2024,Environmental Modelling and Software,China,East-Asia,Subtropical,Mixed forest,Complex terrain,No,Missing,,500.0,Medium,100 â 500 m,Optical-only,No,Machine-learning,XGBoost,Yes,No,254.0,Regional,0.75,0.866025404,1.316957897,0.866,0.75,0.003984
M450,S115,Zhejiang_Province,Li et al. 2024,2024,Environmental Modelling and Software,China,East-Asia,Subtropical,Mixed forest,Complex terrain,No,Missing,,500.0,Medium,100 â 500 m,Optical-only,No,Machine-learning,XGBoost,Yes,No,254.0,Regional,0.71,0.842614977,1.230122924,0.8426,0.71,0.003984
M451,S115,Zhejiang_Province,Li et al. 2024,2024,Environmental Modelling and Software,China,East-Asia,Subtropical,Mixed forest,Complex terrain,No,Missing,,500.0,Medium,100 â 500 m,Optical-only,No,Machine-learning,XGBoost,Yes,Yes,254.0,Regional,0.71,0.842614977,1.230122924,0.8426,0.71,0.003984
M452,S116,All_CMS_sites_California,Chopping et al. 2026,2026,Remote Sensing of Environment,USA,North-America,Temperate,Mixed forest,Mountainous,No,Missing,,1000.0,Coarse,> 500 m,Optical-only,No,Statistical,BRDF model inversion,Yes,No,,Regional,0.73,0.854400375,1.272228056,0.8544,0.73,
M453,S116,All_CMS_sites_California,Chopping et al. 2026,2026,Remote Sensing of Environment,USA,North-America,Temperate,Mixed forest,Mountainous,Yes,GEDI L4B,Canopy height,1000.0,Coarse,> 500 m,LiDAR-only,No,Statistical,GEDI L4B gridded,Yes,No,,Regional,0.7,0.836660027,1.209935121,0.8367,0.7,
M454,S116,All_CMS_sites_California,Chopping et al. 2026,2026,Remote Sensing of Environment,USA,North-America,Temperate,Mixed forest,Mountainous,No,Missing,,1000.0,Coarse,> 500 m,Optical-only,No,Statistical,BRDF model inversion,Yes,No,,Regional,0.74,0.860232527,1.294238318,0.8602,0.74,
M455,S116,All_CMS_sites_California,Chopping et al. 2026,2026,Remote Sensing of Environment,USA,North-America,Temperate,Mixed forest,Mountainous,Yes,GEDI L4B,Canopy height,1000.0,Coarse,> 500 m,LiDAR-only,No,Statistical,GEDI L4B gridded,Yes,No,,Regional,0.69,0.830662386,1.190269352,0.8307,0.69,
M456,S116,Sonoma_County_California,Chopping et al. 2026,2026,Remote Sensing of Environment,USA,North-America,Temperate,Mixed forest,Mountainous,No,Missing,,1000.0,Coarse,> 500 m,Optical-only,No,Statistical,BRDF model inversion,Yes,No,,Regional,0.87,0.932737905,1.679048016,0.9327,0.87,
M457,S116,Sonoma_County_California,Chopping et al. 2026,2026,Remote Sensing of Environment,USA,North-America,Temperate,Mixed forest,Mountainous,Yes,GEDI L4B,Canopy height,1000.0,Coarse,> 500 m,LiDAR-only,No,Statistical,GEDI L4B gridded,Yes,No,,Regional,0.88,0.938083152,1.721831187,0.9381,0.88,
M458,S116,Sonoma_County_California,Chopping et al. 2026,2026,Remote Sensing of Environment,USA,North-America,Temperate,Mixed forest,Mountainous,No,Missing,,1000.0,Coarse,> 500 m,Optical-only,No,Statistical,BRDF model inversion,Yes,No,,Regional,0.88,0.938083152,1.721831187,0.9381,0.88,
M459,S116,Sonoma_County_California,Chopping et al. 2026,2026,Remote Sensing of Environment,USA,North-America,Temperate,Mixed forest,Mountainous,Yes,GEDI L4B,Canopy_height,1000.0,Coarse,> 500 m,LiDAR-only,No,Statistical,GEDI L4B gridded,Yes,Yes,,Regional,0.91,0.953939201,1.873820243,0.9539,0.91,
M460,S116,Sonoma_County_250m,Chopping et al. 2026,2026,Remote Sensing of Environment,USA,North-America,Temperate,Mixed forest,Mountainous,No,Missing,,250.0,Medium,100 â 500 m,Optical-only,No,Statistical,BRDF model inversion,Yes,No,,Regional,0.83,0.911043358,1.533627775,0.911,0.83,
M461,S117,Jinsha_River_Basin,Ma et al. 2025,2025,Ecological Informatics,China,East-Asia,Subtropical,Mixed forest,Mountainous,Yes,Missing,,100.0,Medium,30 â 100 m,LiDAR-only,No,Statistical,Lasso Regression,Yes,Yes,2036.0,Regional,0.71,0.842614977,1.230122924,0.8426,0.71,0.000492
M465,S118,Jilin_Province,Chen et al. 2025,2025,International Journal of Applied Earth Observation and Geoinformation,China,East-Asia,Temperate,Mixed forest,Complex terrain,Yes,GEDI L2A,RH metrics,10.0,High,5 â 30 m,Optical+SAR+LiDAR,Yes,Deep-learning,MARSNet,Yes,Yes,85150.0,Regional,0.62,0.787400787,1.064554504,0.7874,0.62,1.2e-05
M466,S118,Jilin_Province,Chen et al. 2025,2025,International Journal of Applied Earth Observation and Geoinformation,China,East-Asia,Temperate,Mixed forest,Complex terrain,Yes,GEDI L2A,RH metrics,10.0,High,5 â 30 m,Optical+SAR+LiDAR,Yes,Machine-learning,Random Forest,Yes,No,85150.0,Regional,0.55,0.741619849,0.954069476,0.7416,0.55,1.2e-05
M467,S118,Jilin_Province,Chen et al. 2025,2025,International Journal of Applied Earth Observation and Geoinformation,China,East-Asia,Temperate,Mixed forest,Complex terrain,Yes,GEDI L2A,RH metrics,10.0,High,5 â 30 m,Optical+SAR+LiDAR,Yes,Deep-learning,ResNet101,Yes,No,85150.0,Regional,0.5,0.707106781,0.881373587,0.7071,0.5,1.2e-05
M468,S118,Jilin_Province,Chen et al. 2025,2025,International Journal of Applied Earth Observation and Geoinformation,China,East-Asia,Temperate,Mixed forest,Complex terrain,Yes,GEDI L2A,RH metrics,10.0,High,5 â 30 m,Optical+SAR+LiDAR,Yes,Deep-learning,UNet,Yes,No,85150.0,Regional,0.57,0.754983444,0.984444458,0.755,0.57,1.2e-05
M469,S118,Jilin_Province,Chen et al. 2025,2025,International Journal of Applied Earth Observation and Geoinformation,China,East-Asia,Temperate,Mixed forest,Complex terrain,Yes,GEDI L2A,RH metrics,10.0,High,5 â 30 m,Optical+SAR+LiDAR,Yes,Deep-learning,CNN,Yes,No,85150.0,Regional,0.47,0.68556546,0.839540228,0.6856,0.47,1.2e-05
M470,S118,Jilin_Province,Chen et al. 2025,2025,International Journal of Applied Earth Observation and Geoinformation,China,East-Asia,Temperate,Mixed forest,Complex terrain,Yes,GEDI L2A,RH metrics,10.0,High,5 â 30 m,Optical+SAR+LiDAR,Yes,Deep-learning,DeepLabv3,Yes,No,85150.0,Regional,0.43,0.655743852,0.785309825,0.6557,0.43,1.2e-05
M482,S120,Tianzhu_County,Yang et al. 2026,2026,Ecological Informatics,China,East-Asia,Arid,Shrubland,Mountainous,No,Missing,,30.0,Medium,5 â 30 m,Optical-only,No,Machine-learning,XGBoost,Yes,Yes,,Regional,0.6845,0.827345152,1.179662475,0.8273,0.6845,
M483,S121,China_national,Zhang et al. 2025,2025,Forest Ecosystems,China,East-Asia,Temperate,Mixed forest,Complex terrain,No,Missing,,30.0,Medium,5 â 30 m,Optical-only,Yes,Statistical,Logistic regression,No,No,,National,0.48,0.692820323,0.853359202,0.6928,0.48,
M484,S121,China_national,Zhang et al. 2025,2025,Forest Ecosystems,China,East-Asia,Temperate,Mixed forest,Complex terrain,No,Missing,,30.0,Medium,5 â 30 m,Optical-only,Yes,Statistical,Logistic regression,No,No,,National,0.67,0.818535277,1.152362697,0.8185,0.67,
M485,S121,China_national,Zhang et al. 2025,2025,Forest Ecosystems,China,East-Asia,Temperate,Mixed forest,Complex terrain,No,Missing,,30.0,Medium,5 â 30 m,Optical-only,Yes,Statistical,Logistic regression,No,No,,National,0.81,0.9,1.47221949,0.9,0.81,
M486,S121,China_national,Zhang et al. 2025,2025,Forest Ecosystems,China,East-Asia,Temperate,Mixed forest,Complex terrain,No,Missing,,30.0,Medium,5 â 30 m,Optical-only,Yes,Statistical,Logistic regression,No,No,,National,0.85,0.921954446,1.601902601,0.922,0.85,
M487,S121,China_national,Zhang et al. 2025,2025,Forest Ecosystems,China,East-Asia,Temperate,Mixed forest,Complex terrain,No,Missing,,30.0,Medium,5 â 30 m,Optical-only,Yes,Statistical,Logistic regression,No,No,,National,0.8,0.894427191,1.443635475,0.8944,0.8,
M488,S121,China_national,Zhang et al. 2025,2025,Forest Ecosystems,China,East-Asia,Temperate,Mixed forest,Complex terrain,No,Missing,,30.0,Medium,5 â 30 m,Optical-only,Yes,Statistical,Logistic regression,No,No,,National,0.76,0.871779789,1.340447915,0.8718,0.76,
M489,S121,China_national,Zhang et al. 2025,2025,Forest Ecosystems,China,East-Asia,Temperate,Mixed forest,Complex terrain,No,Missing,,30.0,Medium,5 â 30 m,Optical-only,Yes,Statistical,Logistic regression,No,No,,National,0.63,0.793725393,1.081420819,0.7937,0.63,
M490,S121,China_national,Zhang et al. 2025,2025,Forest Ecosystems,China,East-Asia,Temperate,Mixed forest,Complex terrain,No,Missing,,30.0,Medium,5 â 30 m,Optical-only,Yes,Statistical,Logistic regression,No,No,,National,0.53,0.728010989,0.924482322,0.728,0.53,
M491,S121,China_national,Zhang et al. 2025,2025,Forest Ecosystems,China,East-Asia,Temperate,Mixed forest,Complex terrain,No,Missing,,30.0,Medium,5 â 30 m,Optical-only,Yes,Statistical,Logistic regression,No,Yes,,National,0.96,0.979795897,2.29243167,0.9798,0.96,
M492,S122,Bawangling_TLR,Chen et al. 2026,2026,Ecological Indicators,China,East-Asia,Tropical,Evergreen_forest,Mountainous,No,Missing,,15.0,High,5 â 30 m,Optical+SAR,Yes,Machine-learning,kNN,Yes,No,,Local,0.559,0.747663026,0.967634683,0.7477,0.559,
M493,S122,Bawangling_TLR,Chen et al. 2026,2026,Ecological Indicators,China,East-Asia,Tropical,Evergreen_forest,Mountainous,No,Missing,,15.0,High,5 â 30 m,Optical+SAR,Yes,Machine-learning,Multilayer Perceptron,Yes,No,,Local,0.724,0.850881895,1.259339432,0.8509,0.724,
M494,S122,Bawangling_TLR,Chen et al. 2026,2026,Ecological Indicators,China,East-Asia,Tropical,Evergreen_forest,Mountainous,No,Missing,,15.0,High,5 â 30 m,Optical+SAR,Yes,Statistical,Partial Least Squares,Yes,No,,Local,0.815,0.902773504,1.487012288,0.9028,0.815,
M495,S122,Bawangling_TLR,Chen et al. 2026,2026,Ecological Indicators,China,East-Asia,Tropical,Evergreen_forest,Mountainous,No,Missing,,15.0,High,5 â 30 m,Optical+SAR,Yes,Machine-learning,Gradient Boosted Decision Tree,Yes,No,,Local,0.825,0.908295106,1.517694881,0.9083,0.825,
M496,S122,Bawangling_TLR,Chen et al. 2026,2026,Ecological Indicators,China,East-Asia,Tropical,Evergreen_forest,Mountainous,No,Missing,,15.0,High,5 â 30 m,Optical+SAR,Yes,Machine-learning,Random Forest,Yes,No,,Local,0.826,0.908845421,1.520848558,0.9088,0.826,
M497,S122,Bawangling_TLR,Chen et al. 2026,2026,Ecological Indicators,China,East-Asia,Tropical,Evergreen_forest,Mountainous,No,Missing,,15.0,High,5 â 30 m,Optical+SAR,Yes,Machine-learning,XGBoost,Yes,Yes,,Local,0.836,0.914330356,1.553312304,0.9143,0.836,
M498,S123,Great_Xingan_Mountains,Yang et al. 2025c,2025,Ecological Indicators,China,East-Asia,Temperate,Mixed forest,Mountainous,Yes,GEDI L4B,Other-GEDI,1000.0,Low,> 500 m,LiDAR+Optical,Yes,Machine-learning,kNN,Yes,No,76953.0,Regional,0.5,0.707106781,0.881373587,0.7071,0.5,1.3e-05
M499,S123,Great_Xingan_Mountains,Yang et al. 2025c,2025,Ecological Indicators,China,East-Asia,Temperate,Mixed forest,Mountainous,Yes,GEDI L4B,Other-GEDI,1000.0,Low,> 500 m,LiDAR+Optical,Yes,Machine-learning,Artificial Neural Network (ANN),Yes,No,76953.0,Regional,0.61,0.781024968,1.047993293,0.781,0.61,1.3e-05
M500,S123,Great_Xingan_Mountains,Yang et al. 2025c,2025,Ecological Indicators,China,East-Asia,Temperate,Mixed forest,Mountainous,Yes,GEDI L4B,Other-GEDI,1000.0,Low,> 500 m,LiDAR+Optical,Yes,Machine-learning,CatBoost,Yes,No,76953.0,Regional,0.74,0.860232527,1.294238318,0.8602,0.74,1.3e-05
M501,S123,Great_Xingan_Mountains,Yang et al. 2025c,2025,Ecological Indicators,China,East-Asia,Temperate,Mixed forest,Mountainous,Yes,GEDI L4B,Other-GEDI,1000.0,Low,> 500 m,LiDAR+Optical,Yes,Machine-learning,Extremely Randomized Trees,Yes,No,76953.0,Regional,0.8,0.894427191,1.443635475,0.8944,0.8,1.3e-05
M502,S123,Great_Xingan_Mountains,Yang et al. 2025c,2025,Ecological Indicators,China,East-Asia,Temperate,Mixed forest,Mountainous,Yes,GEDI L4B,Other-GEDI,1000.0,Low,> 500 m,LiDAR+Optical,Yes,Machine-learning,Random Forest,Yes,No,76953.0,Regional,0.8,0.894427191,1.443635475,0.8944,0.8,1.3e-05
M503,S123,Great_Xingan_Mountains,Yang et al. 2025c,2025,Ecological Indicators,China,East-Asia,Temperate,Mixed forest,Mountainous,Yes,GEDI L4B,Other-GEDI,1000.0,Low,> 500 m,LiDAR+Optical,Yes,Machine-learning,LightGBM,Yes,No,76953.0,Regional,0.82,0.905538514,1.502163867,0.9055,0.82,1.3e-05
M504,S123,Great_Xingan_Mountains,Yang et al. 2025c,2025,Ecological Indicators,China,East-Asia,Temperate,Mixed forest,Mountainous,Yes,GEDI L4B,Other-GEDI,1000.0,Low,> 500 m,LiDAR+Optical,Yes,Machine-learning,XGBoost,Yes,No,76953.0,Regional,0.83,0.911043358,1.533627775,0.911,0.83,1.3e-05
M505,S123,Great_Xingan_Mountains,Yang et al. 2025c,2025,Ecological Indicators,China,East-Asia,Temperate,Mixed forest,Mountainous,Yes,GEDI L4B,Other-GEDI,1000.0,Low,> 500 m,LiDAR+Optical,Yes,Machine-learning,Stacking Ensemble,Yes,Yes,76953.0,Regional,0.83,0.911043358,1.533627775,0.911,0.83,1.3e-05
M506,S304,Mondah_Gabon,"Migolet et al. 2022. Estimation of the total dry aboveground biomass in the tropical forests of Congo Basin using optical, LiDAR, and radar data. GIScience & Remote Sensing, 59(1), 431-460.",2022,GIScience & Remote Sensing,Gabon,Central-Africa,Tropical,Mixed forest,Flat / Lowland,No,,,1.5,Very-high,1 â 5 m,Optical+SAR+LiDAR,Yes,Statistical,MARS,Yes,No,45.0,Local,0.04,0.2,0.202733,0.2,0.04,0.02381
M507,S304,Mondah_Gabon,"Migolet et al. 2022. Estimation of the total dry aboveground biomass in the tropical forests of Congo Basin using optical, LiDAR, and radar data. GIScience & Remote Sensing, 59(1), 431-460.",2022,GIScience & Remote Sensing,Gabon,Central-Africa,Tropical,Mixed forest,Flat / Lowland,No,,,1.5,Very-high,1 â 5 m,Optical+SAR+LiDAR,Yes,Statistical,MARS,Yes,No,45.0,Local,0.26,0.509902,0.562597,0.5099,0.26,0.02381
M508,S304,Mondah_Gabon,"Migolet et al. 2022. Estimation of the total dry aboveground biomass in the tropical forests of Congo Basin using optical, LiDAR, and radar data. GIScience & Remote Sensing, 59(1), 431-460.",2022,GIScience & Remote Sensing,Gabon,Central-Africa,Tropical,Mixed forest,Flat / Lowland,No,,,1.5,Very-high,1 â 5 m,Optical+SAR+LiDAR,Yes,Statistical,MARS,Yes,No,45.0,Local,0.42,0.648074,0.771971,0.6481,0.42,0.02381
M509,S304,Mondah_Gabon,"Migolet et al. 2022. Estimation of the total dry aboveground biomass in the tropical forests of Congo Basin using optical, LiDAR, and radar data. GIScience & Remote Sensing, 59(1), 431-460.",2022,GIScience & Remote Sensing,Gabon,Central-Africa,Tropical,Mixed forest,Flat / Lowland,No,,,1.5,Very-high,1 â 5 m,Optical+SAR+LiDAR,Yes,Statistical,MARS,Yes,No,45.0,Local,0.47,0.685565,0.839539,0.6856,0.47,0.02381
M510,S304,Mondah_Gabon,"Migolet et al. 2022. Estimation of the total dry aboveground biomass in the tropical forests of Congo Basin using optical, LiDAR, and radar data. GIScience & Remote Sensing, 59(1), 431-460.",2022,GIScience & Remote Sensing,Gabon,Central-Africa,Tropical,Mixed forest,Flat / Lowland,No,,,1.5,Very-high,1 â 5 m,Optical+SAR+LiDAR,Yes,Statistical,MARS,Yes,No,45.0,Local,0.12,0.34641,0.361358,0.3464,0.12,0.02381
M511,S304,Mondah_Gabon,"Migolet et al. 2022. Estimation of the total dry aboveground biomass in the tropical forests of Congo Basin using optical, LiDAR, and radar data. GIScience & Remote Sensing, 59(1), 431-460.",2022,GIScience & Remote Sensing,Gabon,Central-Africa,Tropical,Mixed forest,Flat / Lowland,No,,,1.5,Very-high,1 â 5 m,Optical+SAR+LiDAR,Yes,Statistical,MARS,Yes,No,45.0,Local,0.69,0.830662,1.190268,0.8307,0.69,0.02381
M512,S304,Mondah_Gabon,"Migolet et al. 2022. Estimation of the total dry aboveground biomass in the tropical forests of Congo Basin using optical, LiDAR, and radar data. GIScience & Remote Sensing, 59(1), 431-460.",2022,GIScience & Remote Sensing,Gabon,Central-Africa,Tropical,Mixed forest,Flat / Lowland,No,,,1.5,Very-high,1 â 5 m,Optical+SAR+LiDAR,Yes,Statistical,MARS,Yes,No,45.0,Local,0.84,0.916515,1.566798,0.9165,0.84,0.02381
M513,S304,Mondah_Gabon,"Migolet et al. 2022. Estimation of the total dry aboveground biomass in the tropical forests of Congo Basin using optical, LiDAR, and radar data. GIScience & Remote Sensing, 59(1), 431-460.",2022,GIScience & Remote Sensing,Gabon,Central-Africa,Tropical,Mixed forest,Flat / Lowland,No,,,1.5,Very-high,1 â 5 m,Optical+SAR+LiDAR,Yes,Statistical,MARS,Yes,No,45.0,Local,0.38,0.616441,0.719244,0.6164,0.38,0.02381
M514,S304,Mondah_Gabon,"Migolet et al. 2022. Estimation of the total dry aboveground biomass in the tropical forests of Congo Basin using optical, LiDAR, and radar data. GIScience & Remote Sensing, 59(1), 431-460.",2022,GIScience & Remote Sensing,Gabon,Central-Africa,Tropical,Mixed forest,Flat / Lowland,No,,,1.5,Very-high,1 â 5 m,Optical+SAR+LiDAR,Yes,Statistical,MARS,Yes,No,45.0,Local,0.44,0.663325,0.798728,0.6633,0.44,0.02381
M515,S304,Mondah_Gabon,"Migolet et al. 2022. Estimation of the total dry aboveground biomass in the tropical forests of Congo Basin using optical, LiDAR, and radar data. GIScience & Remote Sensing, 59(1), 431-460.",2022,GIScience & Remote Sensing,Gabon,Central-Africa,Tropical,Mixed forest,Flat / Lowland,No,,,1.5,Very-high,1 â 5 m,Optical+SAR+LiDAR,Yes,Statistical,MARS,Yes,No,45.0,Local,0.59,0.768115,1.015714,0.7681,0.59,0.02381
M516,S304,Mondah_Gabon,"Migolet et al. 2022. Estimation of the total dry aboveground biomass in the tropical forests of Congo Basin using optical, LiDAR, and radar data. GIScience & Remote Sensing, 59(1), 431-460.",2022,GIScience & Remote Sensing,Gabon,Central-Africa,Tropical,Mixed forest,Flat / Lowland,No,,,1.5,Very-high,1 â 5 m,Optical+SAR+LiDAR,Yes,Statistical,MARS,Yes,No,45.0,Local,0.86,0.927362,1.63921,0.9274,0.86,0.02381
M517,S304,Mondah_Gabon,"Migolet et al. 2022. Estimation of the total dry aboveground biomass in the tropical forests of Congo Basin using optical, LiDAR, and radar data. GIScience & Remote Sensing, 59(1), 431-460.",2022,GIScience & Remote Sensing,Gabon,Central-Africa,Tropical,Mixed forest,Flat / Lowland,No,,,1.5,Very-high,1 â 5 m,Optical+SAR+LiDAR,Yes,Statistical,MARS,Yes,No,45.0,Local,0.9,0.948683,1.818443,0.9487,0.9,0.02381
M518,S304,Mondah_Gabon,"Migolet et al. 2022. Estimation of the total dry aboveground biomass in the tropical forests of Congo Basin using optical, LiDAR, and radar data. GIScience & Remote Sensing, 59(1), 431-460.",2022,GIScience & Remote Sensing,Gabon,Central-Africa,Tropical,Mixed forest,Flat / Lowland,No,,,1.5,Very-high,1 â 5 m,Optical+SAR+LiDAR,Yes,Statistical,MARS,Yes,No,45.0,Local,0.88,0.938083,1.72183,0.9381,0.88,0.02381
M519,S304,Mondah_Gabon,"Migolet et al. 2022. Estimation of the total dry aboveground biomass in the tropical forests of Congo Basin using optical, LiDAR, and radar data. GIScience & Remote Sensing, 59(1), 431-460.",2022,GIScience & Remote Sensing,Gabon,Central-Africa,Tropical,Mixed forest,Flat / Lowland,No,,,1.5,Very-high,1 â 5 m,Optical+SAR+LiDAR,Yes,Statistical,MARS,Yes,Yes,45.0,Local,0.89,0.943398,1.768074,0.9434,0.89,0.02381
M520,S305,Betul,"Rodda et al. 2024. LiDAR-based reference aboveground biomass maps for tropical forests of South Asia and Central Africa. Scientific Data, 11, 334.",2024,Scientific Data,India,South-Asia,Tropical,Deciduous forest,Hilly,No,,,100.0,Medium,30 â 100 m,LiDAR-only,No,Statistical,Linear Regression,No,Yes,34.0,Local,0.76,0.87178,1.340449,0.8718,0.76,0.032258
M521,S305,Achanakmar,"Rodda et al. 2024. LiDAR-based reference aboveground biomass maps for tropical forests of South Asia and Central Africa. Scientific Data, 11, 334.",2024,Scientific Data,India,South-Asia,Tropical,Mixed forest,Hilly,No,,,100.0,Medium,30 â 100 m,LiDAR-only,No,Statistical,Linear Regression,No,Yes,16.0,Local,0.9,0.948683,1.818443,0.9487,0.9,0.076923
M522,S305,Yellapur,"Rodda et al. 2024. LiDAR-based reference aboveground biomass maps for tropical forests of South Asia and Central Africa. Scientific Data, 11, 334.",2024,Scientific Data,India,South-Asia,Tropical,Mixed forest,Hilly,No,,,100.0,Medium,30 â 100 m,LiDAR-only,No,Statistical,Linear Regression,No,Yes,15.0,Local,0.85,0.921954,1.6019,0.922,0.85,0.083333
M523,S305,Uppangala,"Rodda et al. 2024. LiDAR-based reference aboveground biomass maps for tropical forests of South Asia and Central Africa. Scientific Data, 11, 334.",2024,Scientific Data,India,South-Asia,Tropical,Tropical moist forest,Hilly,No,,,100.0,Medium,30 â 100 m,LiDAR-only,No,Statistical,Linear Regression,No,Yes,23.0,Local,0.64,0.8,1.098612,0.8,0.64,0.05
M524,S305,Khaoyai,"Rodda et al. 2024. LiDAR-based reference aboveground biomass maps for tropical forests of South Asia and Central Africa. Scientific Data, 11, 334.",2024,Scientific Data,Thailand,South-Asia,Tropical,Tropical moist forest,Hilly,No,,,100.0,Medium,30 â 100 m,LiDAR-only,No,Statistical,Linear Regression,No,Yes,31.0,Local,0.65,0.806226,1.116151,0.8062,0.65,0.035714
M525,S305,Nachtigal,"Rodda et al. 2024. LiDAR-based reference aboveground biomass maps for tropical forests of South Asia and Central Africa. Scientific Data, 11, 334.",2024,Scientific Data,Cameroon,Central-Africa,Tropical,Mixed forest,Hilly,No,,,100.0,Medium,30 â 100 m,LiDAR-only,No,Statistical,Linear Regression,No,Yes,11.0,Local,0.22,0.469042,0.508841,0.469,0.22,0.125
M526,S305,Cameroon_regional,"Rodda et al. 2024. LiDAR-based reference aboveground biomass maps for tropical forests of South Asia and Central Africa. Scientific Data, 11, 334.",2024,Scientific Data,Cameroon,Central-Africa,Tropical,Tropical moist forest,Hilly,No,,,100.0,Medium,30 â 100 m,LiDAR-only,No,Statistical,Linear Regression,No,Yes,27.0,Regional,0.66,0.812404,1.134059,0.8124,0.66,0.041667
M527,S305,MabouniÃ©,"Rodda et al. 2024. LiDAR-based reference aboveground biomass maps for tropical forests of South Asia and Central Africa. Scientific Data, 11, 334.",2024,Scientific Data,Gabon,Central-Africa,Tropical,Tropical moist forest,Flat / Lowland,No,,,100.0,Medium,30 â 100 m,LiDAR-only,No,Statistical,Linear Regression,No,Yes,11.0,Local,0.79,0.888819,1.416274,0.8888,0.79,0.125
M528,S305,Rabi,"Rodda et al. 2024. LiDAR-based reference aboveground biomass maps for tropical forests of South Asia and Central Africa. Scientific Data, 11, 334.",2024,Scientific Data,Gabon,Central-Africa,Tropical,Tropical moist forest,Flat / Lowland,No,,,100.0,Medium,30 â 100 m,LiDAR-only,No,Statistical,Linear Regression,No,Yes,25.0,Local,0.54,0.734847,0.939184,0.7348,0.54,0.045455
M529,S306,African_dense_forests,"Wan et al. 2025. Satellite-based mapping of annual canopy height and aboveground biomass in African dense forests. Frontiers in Remote Sensing, 6, 1724950.",2025,Frontiers in Remote Sensing,Multiple,Central-Africa,Tropical,Tropical moist forest,Flat / Lowland,Yes,GEDI L2A,RH metrics,30.0,Medium,5 â 30 m,Optical+SAR+LiDAR,Yes,Statistical,Nonlinear Regression,Yes,No,,Multi-country,0.37,0.608276,0.70618,0.6083,0.37,
M530,S306,African_dense_forests,"Wan et al. 2025. Satellite-based mapping of annual canopy height and aboveground biomass in African dense forests. Frontiers in Remote Sensing, 6, 1724950.",2025,Frontiers in Remote Sensing,Multiple,Central-Africa,Tropical,Tropical moist forest,Flat / Lowland,Yes,GEDI L2A,RH metrics,30.0,Medium,5 â 30 m,Optical+SAR+LiDAR,Yes,Statistical,Nonlinear Regression,Yes,Yes,,Multi-country,0.4,0.632456,0.745499,0.6325,0.4,
M531,S306,African_dense_forests,"Wan et al. 2025. Satellite-based mapping of annual canopy height and aboveground biomass in African dense forests. Frontiers in Remote Sensing, 6, 1724950.",2025,Frontiers in Remote Sensing,Multiple,Central-Africa,Tropical,Tropical moist forest,Flat / Lowland,Yes,GEDI L2A,RH metrics,30.0,Medium,5 â 30 m,Optical+SAR+LiDAR,Yes,Machine-learning,XGBoost,Yes,No,,Multi-country,0.49,0.7,0.867301,0.7,0.49,
M532,S306,African_dense_forests,"Wan et al. 2025. Satellite-based mapping of annual canopy height and aboveground biomass in African dense forests. Frontiers in Remote Sensing, 6, 1724950.",2025,Frontiers in Remote Sensing,Multiple,Central-Africa,Tropical,Tropical moist forest,Flat / Lowland,Yes,GEDI L2A,RH metrics,30.0,Medium,5 â 30 m,Optical+SAR+LiDAR,Yes,Machine-learning,XGBoost,Yes,No,,Multi-country,0.47,0.685565,0.839539,0.6856,0.47,
M534,S307,DRC_All_plots,"Lamulamu et al. 2022. Assessing the Predictive Power of Democratic Republic of Congo's National Spaceborne Biomass Map over Independent Test Samples. Remote Sensing, 14, 4126.",2022,Remote Sensing,Democratic Republic of Congo,Central-Africa,Tropical,Mixed forest,Complex terrain,No,,,100.0,Medium,30 â 100 m,Optical+SAR+LiDAR,Yes,Statistical,Nonlinear Regression,No,Yes,92.0,National,0.58,0.761577,0.999959,0.7616,0.58,0.011236
M535,S307,DRC_Humid_forests,"Lamulamu et al. 2022. Assessing the Predictive Power of Democratic Republic of Congo's National Spaceborne Biomass Map over Independent Test Samples. Remote Sensing, 14, 4126.",2022,Remote Sensing,Democratic Republic of Congo,Central-Africa,Tropical,Tropical moist forest,Complex terrain,No,,,100.0,Medium,30 â 100 m,Optical+SAR+LiDAR,Yes,Statistical,Nonlinear Regression,No,No,92.0,National,0.33,0.574456,0.654148,0.5745,0.33,0.011236
M536,S307,DRC_Swamp_forests,"Lamulamu et al. 2022. Assessing the Predictive Power of Democratic Republic of Congo's National Spaceborne Biomass Map over Independent Test Samples. Remote Sensing, 14, 4126.",2022,Remote Sensing,Democratic Republic of Congo,Central-Africa,Tropical,Mixed forest,Complex terrain,No,,,100.0,Medium,30 â 100 m,Optical+SAR+LiDAR,Yes,Statistical,Nonlinear Regression,No,No,92.0,National,0.02,0.141421,0.142375,0.1414,0.02,0.011236
M537,S307,DRC_Woodland_savanna,"Lamulamu et al. 2022. Assessing the Predictive Power of Democratic Republic of Congo's National Spaceborne Biomass Map over Independent Test Samples. Remote Sensing, 14, 4126.",2022,Remote Sensing,Democratic Republic of Congo,Central-Africa,Tropical,Shrubland,Complex terrain,No,,,100.0,Medium,30 â 100 m,Optical+SAR+LiDAR,Yes,Statistical,Nonlinear Regression,No,No,92.0,National,0.41,0.640312,0.758702,0.6403,0.41,0.011236
M506,S304,Mondah_Gabon,"Migolet et al. 2022. Estimation of the total dry aboveground biomass in the tropical forests of Congo Basin using optical, LiDAR, and radar data. GIScience & Remote Sensing, 59(1), 431-460.",2022,GIScience & Remote Sensing,Gabon,Central-Africa,Tropical,Mixed forest,Flat / Lowland,No,,,1.5,Very-high,1  5 m,Optical+SAR+LiDAR,Yes,Statistical,MARS,Yes,No,45.0,Local,0.04,0.2,0.202733,0.2,0.04,0.02381
M507,S304,Mondah_Gabon,"Migolet et al. 2022. Estimation of the total dry aboveground biomass in the tropical forests of Congo Basin using optical, LiDAR, and radar data. GIScience & Remote Sensing, 59(1), 431-460.",2022,GIScience & Remote Sensing,Gabon,Central-Africa,Tropical,Mixed forest,Flat / Lowland,No,,,1.5,Very-high,1  5 m,Optical+SAR+LiDAR,Yes,Statistical,MARS,Yes,No,45.0,Local,0.26,0.509902,0.562597,0.509902,0.26,0.02381
M508,S304,Mondah_Gabon,"Migolet et al. 2022. Estimation of the total dry aboveground biomass in the tropical forests of Congo Basin using optical, LiDAR, and radar data. GIScience & Remote Sensing, 59(1), 431-460.",2022,GIScience & Remote Sensing,Gabon,Central-Africa,Tropical,Mixed forest,Flat / Lowland,No,,,1.5,Very-high,1  5 m,Optical+SAR+LiDAR,Yes,Statistical,MARS,Yes,No,45.0,Local,0.42,0.648074,0.771971,0.648074,0.42,0.02381
M509,S304,Mondah_Gabon,"Migolet et al. 2022. Estimation of the total dry aboveground biomass in the tropical forests of Congo Basin using optical, LiDAR, and radar data. GIScience & Remote Sensing, 59(1), 431-460.",2022,GIScience & Remote Sensing,Gabon,Central-Africa,Tropical,Mixed forest,Flat / Lowland,No,,,1.5,Very-high,1  5 m,Optical+SAR+LiDAR,Yes,Statistical,MARS,Yes,No,45.0,Local,0.47,0.685565,0.839539,0.685565,0.469999,0.02381
M510,S304,Mondah_Gabon,"Migolet et al. 2022. Estimation of the total dry aboveground biomass in the tropical forests of Congo Basin using optical, LiDAR, and radar data. GIScience & Remote Sensing, 59(1), 431-460.",2022,GIScience & Remote Sensing,Gabon,Central-Africa,Tropical,Mixed forest,Flat / Lowland,No,,,1.5,Very-high,1  5 m,Optical+SAR+LiDAR,Yes,Statistical,MARS,Yes,No,45.0,Local,0.12,0.34641,0.361358,0.34641,0.12,0.02381
M511,S304,Mondah_Gabon,"Migolet et al. 2022. Estimation of the total dry aboveground biomass in the tropical forests of Congo Basin using optical, LiDAR, and radar data. GIScience & Remote Sensing, 59(1), 431-460.",2022,GIScience & Remote Sensing,Gabon,Central-Africa,Tropical,Mixed forest,Flat / Lowland,No,,,1.5,Very-high,1  5 m,Optical+SAR+LiDAR,Yes,Statistical,MARS,Yes,No,45.0,Local,0.69,0.830662,1.190268,0.830662,0.689999,0.02381
M512,S304,Mondah_Gabon,"Migolet et al. 2022. Estimation of the total dry aboveground biomass in the tropical forests of Congo Basin using optical, LiDAR, and radar data. GIScience & Remote Sensing, 59(1), 431-460.",2022,GIScience & Remote Sensing,Gabon,Central-Africa,Tropical,Mixed forest,Flat / Lowland,No,,,1.5,Very-high,1  5 m,Optical+SAR+LiDAR,Yes,Statistical,MARS,Yes,No,45.0,Local,0.84,0.916515,1.566798,0.916515,0.84,0.02381
M513,S304,Mondah_Gabon,"Migolet et al. 2022. Estimation of the total dry aboveground biomass in the tropical forests of Congo Basin using optical, LiDAR, and radar data. GIScience & Remote Sensing, 59(1), 431-460.",2022,GIScience & Remote Sensing,Gabon,Central-Africa,Tropical,Mixed forest,Flat / Lowland,No,,,1.5,Very-high,1  5 m,Optical+SAR+LiDAR,Yes,Statistical,MARS,Yes,No,45.0,Local,0.38,0.616441,0.719244,0.616441,0.379999,0.02381
M514,S304,Mondah_Gabon,"Migolet et al. 2022. Estimation of the total dry aboveground biomass in the tropical forests of Congo Basin using optical, LiDAR, and radar data. GIScience & Remote Sensing, 59(1), 431-460.",2022,GIScience & Remote Sensing,Gabon,Central-Africa,Tropical,Mixed forest,Flat / Lowland,No,,,1.5,Very-high,1  5 m,Optical+SAR+LiDAR,Yes,Statistical,MARS,Yes,No,45.0,Local,0.44,0.663325,0.798728,0.663325,0.44,0.02381
M515,S304,Mondah_Gabon,"Migolet et al. 2022. Estimation of the total dry aboveground biomass in the tropical forests of Congo Basin using optical, LiDAR, and radar data. GIScience & Remote Sensing, 59(1), 431-460.",2022,GIScience & Remote Sensing,Gabon,Central-Africa,Tropical,Mixed forest,Flat / Lowland,No,,,1.5,Very-high,1  5 m,Optical+SAR+LiDAR,Yes,Statistical,MARS,Yes,No,45.0,Local,0.59,0.768115,1.015714,0.768115,0.590001,0.02381
M516,S304,Mondah_Gabon,"Migolet et al. 2022. Estimation of the total dry aboveground biomass in the tropical forests of Congo Basin using optical, LiDAR, and radar data. GIScience & Remote Sensing, 59(1), 431-460.",2022,GIScience & Remote Sensing,Gabon,Central-Africa,Tropical,Mixed forest,Flat / Lowland,No,,,1.5,Very-high,1  5 m,Optical+SAR+LiDAR,Yes,Statistical,MARS,Yes,No,45.0,Local,0.86,0.927362,1.63921,0.927362,0.86,0.02381
M517,S304,Mondah_Gabon,"Migolet et al. 2022. Estimation of the total dry aboveground biomass in the tropical forests of Congo Basin using optical, LiDAR, and radar data. GIScience & Remote Sensing, 59(1), 431-460.",2022,GIScience & Remote Sensing,Gabon,Central-Africa,Tropical,Mixed forest,Flat / Lowland,No,,,1.5,Very-high,1  5 m,Optical+SAR+LiDAR,Yes,Statistical,MARS,Yes,No,45.0,Local,0.9,0.948683,1.818443,0.948683,0.899999,0.02381
M518,S304,Mondah_Gabon,"Migolet et al. 2022. Estimation of the total dry aboveground biomass in the tropical forests of Congo Basin using optical, LiDAR, and radar data. GIScience & Remote Sensing, 59(1), 431-460.",2022,GIScience & Remote Sensing,Gabon,Central-Africa,Tropical,Mixed forest,Flat / Lowland,No,,,1.5,Very-high,1  5 m,Optical+SAR+LiDAR,Yes,Statistical,MARS,Yes,No,45.0,Local,0.88,0.938083,1.72183,0.938083,0.88,0.02381
M519,S304,Mondah_Gabon,"Migolet et al. 2022. Estimation of the total dry aboveground biomass in the tropical forests of Congo Basin using optical, LiDAR, and radar data. GIScience & Remote Sensing, 59(1), 431-460.",2022,GIScience & Remote Sensing,Gabon,Central-Africa,Tropical,Mixed forest,Flat / Lowland,No,,,1.5,Very-high,1  5 m,Optical+SAR+LiDAR,Yes,Statistical,MARS,Yes,Yes,45.0,Local,0.89,0.943398,1.768074,0.943398,0.89,0.02381
M520,S305,Betul,"Rodda et al. 2024. LiDAR-based reference aboveground biomass maps for tropical forests of South Asia and Central Africa. Scientific Data, 11, 334.",2024,Scientific Data,India,South-Asia,Tropical,Deciduous forest,Hilly,No,,,100.0,Medium,30  100 m,LiDAR-only,No,Statistical,Linear Regression,No,Yes,34.0,Local,0.76,0.87178,1.340449,0.87178,0.76,0.032258
M521,S305,Achanakmar,"Rodda et al. 2024. LiDAR-based reference aboveground biomass maps for tropical forests of South Asia and Central Africa. Scientific Data, 11, 334.",2024,Scientific Data,India,South-Asia,Tropical,Mixed forest,Hilly,No,,,100.0,Medium,30  100 m,LiDAR-only,No,Statistical,Linear Regression,No,Yes,16.0,Local,0.9,0.948683,1.818443,0.948683,0.899999,0.076923
M522,S305,Yellapur,"Rodda et al. 2024. LiDAR-based reference aboveground biomass maps for tropical forests of South Asia and Central Africa. Scientific Data, 11, 334.",2024,Scientific Data,India,South-Asia,Tropical,Mixed forest,Hilly,No,,,100.0,Medium,30  100 m,LiDAR-only,No,Statistical,Linear Regression,No,Yes,15.0,Local,0.85,0.921954,1.6019,0.921954,0.849999,0.083333
M523,S305,Uppangala,"Rodda et al. 2024. LiDAR-based reference aboveground biomass maps for tropical forests of South Asia and Central Africa. Scientific Data, 11, 334.",2024,Scientific Data,India,South-Asia,Tropical,Tropical moist forest,Hilly,No,,,100.0,Medium,30  100 m,LiDAR-only,No,Statistical,Linear Regression,No,Yes,23.0,Local,0.64,0.8,1.098612,0.8,0.64,0.05
M524,S305,Khaoyai,"Rodda et al. 2024. LiDAR-based reference aboveground biomass maps for tropical forests of South Asia and Central Africa. Scientific Data, 11, 334.",2024,Scientific Data,Thailand,South-Asia,Tropical,Tropical moist forest,Hilly,No,,,100.0,Medium,30  100 m,LiDAR-only,No,Statistical,Linear Regression,No,Yes,31.0,Local,0.65,0.806226,1.116151,0.806226,0.65,0.035714
M525,S305,Nachtigal,"Rodda et al. 2024. LiDAR-based reference aboveground biomass maps for tropical forests of South Asia and Central Africa. Scientific Data, 11, 334.",2024,Scientific Data,Cameroon,Central-Africa,Tropical,Mixed forest,Hilly,No,,,100.0,Medium,30  100 m,LiDAR-only,No,Statistical,Linear Regression,No,Yes,11.0,Local,0.22,0.469042,0.508841,0.469042,0.22,0.125
M526,S305,Cameroon_regional,"Rodda et al. 2024. LiDAR-based reference aboveground biomass maps for tropical forests of South Asia and Central Africa. Scientific Data, 11, 334.",2024,Scientific Data,Cameroon,Central-Africa,Tropical,Tropical moist forest,Hilly,No,,,100.0,Medium,30  100 m,LiDAR-only,No,Statistical,Linear Regression,No,Yes,27.0,Regional,0.66,0.812404,1.134059,0.812404,0.66,0.041667
M527,S305,Mabounié,"Rodda et al. 2024. LiDAR-based reference aboveground biomass maps for tropical forests of South Asia and Central Africa. Scientific Data, 11, 334.",2024,Scientific Data,Gabon,Central-Africa,Tropical,Tropical moist forest,Flat / Lowland,No,,,100.0,Medium,30  100 m,LiDAR-only,No,Statistical,Linear Regression,No,Yes,11.0,Local,0.79,0.888819,1.416274,0.888819,0.789999,0.125
M528,S305,Rabi,"Rodda et al. 2024. LiDAR-based reference aboveground biomass maps for tropical forests of South Asia and Central Africa. Scientific Data, 11, 334.",2024,Scientific Data,Gabon,Central-Africa,Tropical,Tropical moist forest,Flat / Lowland,No,,,100.0,Medium,30  100 m,LiDAR-only,No,Statistical,Linear Regression,No,Yes,25.0,Local,0.54,0.734847,0.939184,0.734847,0.54,0.045455
M529,S306,African_dense_forests,"Wan et al. 2025. Satellite-based mapping of annual canopy height and aboveground biomass in African dense forests. Frontiers in Remote Sensing, 6, 1724950.",2025,Frontiers in Remote Sensing,Multiple,Central-Africa,Tropical,Tropical moist forest,Flat / Lowland,Yes,GEDI L2A,RH metrics,30.0,Medium,5  30 m,Optical+SAR+LiDAR,Yes,Statistical,Nonlinear Regression,Yes,No,,Multi-country,0.37,0.608276,0.70618,0.608276,0.369999,
M530,S306,African_dense_forests,"Wan et al. 2025. Satellite-based mapping of annual canopy height and aboveground biomass in African dense forests. Frontiers in Remote Sensing, 6, 1724950.",2025,Frontiers in Remote Sensing,Multiple,Central-Africa,Tropical,Tropical moist forest,Flat / Lowland,Yes,GEDI L2A,RH metrics,30.0,Medium,5  30 m,Optical+SAR+LiDAR,Yes,Statistical,Nonlinear Regression,Yes,Yes,,Multi-country,0.4,0.632456,0.745499,0.632456,0.400001,
M531,S306,African_dense_forests,"Wan et al. 2025. Satellite-based mapping of annual canopy height and aboveground biomass in African dense forests. Frontiers in Remote Sensing, 6, 1724950.",2025,Frontiers in Remote Sensing,Multiple,Central-Africa,Tropical,Tropical moist forest,Flat / Lowland,Yes,GEDI L2A,RH metrics,30.0,Medium,5  30 m,Optical+SAR+LiDAR,Yes,Machine-learning,XGBoost,Yes,No,,Multi-country,0.49,0.7,0.867301,0.7,0.49,
M532,S306,African_dense_forests,"Wan et al. 2025. Satellite-based mapping of annual canopy height and aboveground biomass in African dense forests. Frontiers in Remote Sensing, 6, 1724950.",2025,Frontiers in Remote Sensing,Multiple,Central-Africa,Tropical,Tropical moist forest,Flat / Lowland,Yes,GEDI L2A,RH metrics,30.0,Medium,5  30 m,Optical+SAR+LiDAR,Yes,Machine-learning,XGBoost,Yes,No,,Multi-country,0.47,0.685565,0.839539,0.685565,0.469999,
M534,S307,DRC_All_plots,"Lamulamu et al. 2022. Assessing the Predictive Power of Democratic Republic of Congo's National Spaceborne Biomass Map over Independent Test Samples. Remote Sensing, 14, 4126.",2022,Remote Sensing,Democratic Republic of Congo,Central-Africa,Tropical,Mixed forest,Complex terrain,No,,,100.0,Medium,30  100 m,Optical+SAR+LiDAR,Yes,Statistical,Nonlinear Regression,No,Yes,92.0,National,0.58,0.761577,0.999959,0.761577,0.579999,0.011236
M535,S307,DRC_Humid_forests,"Lamulamu et al. 2022. Assessing the Predictive Power of Democratic Republic of Congo's National Spaceborne Biomass Map over Independent Test Samples. Remote Sensing, 14, 4126.",2022,Remote Sensing,Democratic Republic of Congo,Central-Africa,Tropical,Tropical moist forest,Complex terrain,No,,,100.0,Medium,30  100 m,Optical+SAR+LiDAR,Yes,Statistical,Nonlinear Regression,No,No,92.0,National,0.33,0.574456,0.654148,0.574456,0.329999,0.011236
M536,S307,DRC_Swamp_forests,"Lamulamu et al. 2022. Assessing the Predictive Power of Democratic Republic of Congo's National Spaceborne Biomass Map over Independent Test Samples. Remote Sensing, 14, 4126.",2022,Remote Sensing,Democratic Republic of Congo,Central-Africa,Tropical,Mixed forest,Complex terrain,No,,,100.0,Medium,30  100 m,Optical+SAR+LiDAR,Yes,Statistical,Nonlinear Regression,No,No,92.0,National,0.02,0.141421,0.142375,0.141421,0.02,0.011236
M537,S307,DRC_Woodland_savanna,"Lamulamu et al. 2022. Assessing the Predictive Power of Democratic Republic of Congo's National Spaceborne Biomass Map over Independent Test Samples. Remote Sensing, 14, 4126.",2022,Remote Sensing,Democratic Republic of Congo,Central-Africa,Tropical,Shrubland,Complex terrain,No,,,100.0,Medium,30  100 m,Optical+SAR+LiDAR,Yes,Statistical,Nonlinear Regression,No,No,92.0,National,0.41,0.640312,0.758702,0.640312,0.409999,0.011236
